Date,Open,High,Low,Close
13-Jun-00,3101.90,3101.90,3065.10,3071.30
9-Jun-00,3083.40,3107.90,3073.70,3101.90
8-Jun-00,3070.80,3089.70,3069.10,3083.40
7-Jun-00,3105.80,3107,3070.80,3070.80
6-Jun-00,3105.10,3107.40,3090.90,3105.80
5-Jun-00,3096.30,3124,3096.30,3105.10
2-Jun-00,3047.80,3098.50,3047.80,3096.30
1-Jun-00,3040.60,3047.80,3027.90,3047.80
31-May-00,3010.80,3062.30,3010.80,3040.60
30-May-00,2996,3010.80,2994.80,3010.80
29-May-00,2963,2996,2963,2996
26-May-00,2979.80,2979.80,2960.10,2964.30
25-May-00,2972.20,2992.40,2972.20,2979.80
24-May-00,2985.90,2985.90,2951.80,2972.20
23-May-00,2969,2985.90,2969,2985.90
22-May-00,3005.40,3005.40,2962.80,2969
19-May-00,3011.90,3018.80,3000,3005.40
18-May-00,3040.10,3040.10,3009.20,3011.90
17-May-00,3053.10,3055.60,3033.90,3040.10
16-May-00,3018.60,3054.20,3018.60,3053.10
15-May-00,3004,3025.50,3001.20,3018.60
12-May-00,2966.80,3012.70,2966.80,3004
11-May-00,3011.80,3011.80,2958.20,2966.80
10-May-00,3054.60,3054.60,3003,3011.80
9-May-00,3075.10,3075.60,3054.60,3054.60
8-May-00,3075.60,3091.80,3073.20,3075.10
5-May-00,3025.90,3075.60,3025.90,3075.60
4-May-00,3076.70,3076.70,3021.90,3025.90
3-May-00,3099.10,3099.10,3073.20,3076.70
2-May-00,3071.80,3099.80,3071.80,3099.10
1-May-00,3085.10,3093.90,3071.80,3071.80
28-Apr-00,3073.10,3087.90,3056.70,3085.10
27-Apr-00,3084.50,3084.50,3058.40,3073.10
26-Apr-00,3041.50,3095.90,3041.50,3084.50
20-Apr-00,3042.30,3044.90,3013.10,3041.50
19-Apr-00,2986.50,3046,2986.50,3042.30
18-Apr-00,2920,3011.20,2919.90,2986.50
17-Apr-00,3096,3096,2883,2920
14-Apr-00,3084.70,3097.80,3059.60,3096
13-Apr-00,3133.40,3133.40,3074.90,3084.70
12-Apr-00,3155.40,3155.40,3123.70,3133.40
11-Apr-00,3187.30,3187.30,3148,3155.40
10-Apr-00,3168.20,3187.30,3166.10,3187.30
7-Apr-00,3142.40,3178.80,3142.40,3168.20
6-Apr-00,3137.80,3150.40,3124.20,3142.40
5-Apr-00,3163.50,3163.50,3125.70,3137.80
4-Apr-00,3183.20,3189.40,3158.50,3163.50
3-Apr-00,3133.30,3183.20,3133.30,3183.20
31-Mar-00,3194.80,3194.80,3133.30,3133.30
30-Mar-00,3228.50,3228.50,3194.80,3194.80
29-Mar-00,3240.80,3246.20,3219.30,3228.50
28-Mar-00,3225.60,3240.80,3204,3240.80
27-Mar-00,3247.40,3255.50,3223.90,3225.60
24-Mar-00,3243.50,3259.70,3233.90,3247.40
23-Mar-00,3274.10,3276.70,3238.90,3243.50
22-Mar-00,3242.20,3276.20,3242.20,3274.10
21-Mar-00,3228.10,3247.40,3224.80,3242.20
20-Mar-00,3203.40,3229.10,3199.30,3228.10
17-Mar-00,3180.20,3252.20,3180.20,3203.40
16-Mar-00,3163.50,3197.60,3163.50,3180.20
15-Mar-00,3187.40,3187.40,3153.10,3163.50
14-Mar-00,3190.30,3190.30,3160.10,3187.40
13-Mar-00,3199.50,3208.30,3179.50,3190.30
10-Mar-00,3196.60,3220,3196,3199.50
9-Mar-00,3218.50,3218.90,3185.50,3196.60
8-Mar-00,3251,3253.40,3201.20,3218.50
7-Mar-00,3232.10,3251,3207.50,3251
6-Mar-00,3225.80,3255.20,3219.40,3232.10
3-Mar-00,3220,3255.70,3203.10,3225.80
2-Mar-00,3192.60,3228.30,3192.60,3220
1-Mar-00,3135.70,3195.70,3127.40,3192.60
29-Feb-00,3118,3151,3118,3135.70
28-Feb-00,3123.70,3126.30,3108.10,3118
25-Feb-00,3106.90,3129.70,3088.60,3123.70
24-Feb-00,3112.50,3133.70,3101.30,3106.90
23-Feb-00,3101.20,3126.30,3096.10,3112.50
22-Feb-00,3117.10,3123.20,3097.40,3101.20
21-Feb-00,3120.10,3122,3083.50,3117.10
18-Feb-00,3144.90,3157.20,3114.30,3120.10
17-Feb-00,3145.50,3154.30,3124.30,3144.90
16-Feb-00,3158.10,3194.20,3145.90,3148.30
15-Feb-00,3135.30,3168.50,3135.30,3158.10
14-Feb-00,3167.10,3167.10,3128.60,3135.30
11-Feb-00,3172.50,3174.70,3145.30,3167.10
10-Feb-00,3134,3175.30,3120.50,3172.50
9-Feb-00,3124,3159.60,3124,3134
8-Feb-00,3130.40,3141.50,3120.50,3124
7-Feb-00,3115.10,3138.30,3113.40,3130.40
4-Feb-00,3135.10,3141.70,3115.10,3115.10
3-Feb-00,3116.30,3135.50,3103,3135.10
2-Feb-00,3084.50,3124.20,3084.50,3116.30
1-Feb-00,3096,3108.70,3077.80,3084.50
31-Jan-00,3092.10,3096,3069.40,3096
28-Jan-00,3083.40,3107.10,3082,3092.10
27-Jan-00,3078.60,3089.40,3072,3083.40
26-Jan-00,3096.60,3096.60,3048.10,3078.60
25-Jan-00,3096.60,3096.60,3048.10,3078.60
24-Jan-00,3103.40,3115.40,3096.40,3096.60
21-Jan-00,3137.10,3137.10,3097.60,3103.40
20-Jan-00,3105.40,3139.50,3079.50,3137.10
19-Jan-00,3151.20,3151.20,3104.10,3105.40
18-Jan-00,3139.90,3157.10,3127.20,3151.20
17-Jan-00,3131.60,3147.50,3131,3139.90
14-Jan-00,3095.80,3131.60,3095.80,3131.60
13-Jan-00,3104.60,3105.90,3089,3095.80
12-Jan-00,3164.60,3164.60,3095.50,3104.60
11-Jan-00,3103.10,3173.90,3103.10,3164.60
10-Jan-00,3044.50,3111.50,3044.50,3103.10
7-Jan-00,3030.10,3048.30,3016.20,3044.50
6-Jan-00,3050.90,3075.40,3026,3030.10
5-Jan-00,3124.10,3124.10,3035.30,3050.90
4-Jan-00,3152.50,3152.50,3122.40,3124.10
