,Products Platt's Singapore HSFO 180 CST (Paper) 2nd month Mid,Products Platt's Singapore HSFO 180 CST (Paper) 2nd month Mid,Products Platt's Singapore HSFO 180 CST (Paper) 2nd month Mid,Products Platt's Singapore HSFO 180 CST (Paper) 2nd month Mid
29-Dec-00,124,124,124,124
28-Dec-00,126,126,126,126
27-Dec-00,126,126,126,126
26-Dec-00,126,126,126,126
25-Dec-00,126,126,126,126
22-Dec-00,126,126,126,126
21-Dec-00,125.75,125.75,125.75,125.75
20-Dec-00,130.75,130.75,130.75,130.75
19-Dec-00,134.75,134.75,134.75,134.75
18-Dec-00,132,132,132,132
15-Dec-00,127.625,127.625,127.625,127.625
14-Dec-00,136,136,136,136
13-Dec-00,142.25,142.25,142.25,142.25
12-Dec-00,144.75,144.75,144.75,144.75
11-Dec-00,143,143,143,143
8-Dec-00,141.5,141.5,141.5,141.5
7-Dec-00,146.75,146.75,146.75,146.75
6-Dec-00,145.875,145.875,145.875,145.875
5-Dec-00,150.5,150.5,150.5,150.5
4-Dec-00,153.25,153.25,153.25,153.25
1-Dec-00,157.375,157.375,157.375,157.375
30-Nov-00,159.125,159.125,159.125,159.125
29-Nov-00,157.75,157.75,157.75,157.75
28-Nov-00,162,162,162,162
27-Nov-00,159.625,159.625,159.625,159.625
24-Nov-00,158.125,158.125,158.125,158.125
23-Nov-00,162.25,162.25,162.25,162.25
22-Nov-00,162.5,162.5,162.5,162.5
21-Nov-00,164.75,164.75,164.75,164.75
20-Nov-00,167.5,167.5,167.5,167.5
17-Nov-00,160.25,160.25,160.25,160.25
16-Nov-00,165.5,165.5,165.5,165.5
15-Nov-00,167.875,167.875,167.875,167.875
14-Nov-00,166.625,166.625,166.625,166.625
13-Nov-00,163.75,163.75,163.75,163.75
10-Nov-00,161.75,161.75,161.75,161.75
9-Nov-00,159.25,159.25,159.25,159.25
8-Nov-00,161.5,161.5,161.5,161.5
7-Nov-00,160.5,160.5,160.5,160.5
6-Nov-00,155.5,155.5,155.5,155.5
3-Nov-00,161.875,161.875,161.875,161.875
2-Nov-00,164.375,164.375,164.375,164.375
1-Nov-00,166,166,166,166
31-Oct-00,170.25,170.25,170.25,170.25
30-Oct-00,171.5,171.5,171.5,171.5
27-Oct-00,174.5,174.5,174.5,174.5
26-Oct-00,175.25,175.25,175.25,175.25
25-Oct-00,176,176,176,176
24-Oct-00,175.25,175.25,175.25,175.25
23-Oct-00,176.75,176.75,176.75,176.75
20-Oct-00,175.5,175.5,175.5,175.5
19-Oct-00,175.25,175.25,175.25,175.25
18-Oct-00,177.875,177.875,177.875,177.875
17-Oct-00,177.25,177.25,177.25,177.25
16-Oct-00,178.25,178.25,178.25,178.25
13-Oct-00,185.625,185.625,185.625,185.625
12-Oct-00,176.5,176.5,176.5,176.5
11-Oct-00,180.125,180.125,180.125,180.125
10-Oct-00,173.5,173.5,173.5,173.5
9-Oct-00,172.875,172.875,172.875,172.875
6-Oct-00,169.125,169.125,169.125,169.125
5-Oct-00,167.75,167.75,167.75,167.75
4-Oct-00,168.5,168.5,168.5,168.5
3-Oct-00,169.25,169.25,169.25,169.25
2-Oct-00,169,169,169,169
29-Sep-00,168.5,168.5,168.5,168.5
28-Sep-00,171.5,171.5,171.5,171.5
27-Sep-00,172.25,172.25,172.25,172.25
26-Sep-00,168.875,168.875,168.875,168.875
25-Sep-00,165.25,165.25,165.25,165.25
22-Sep-00,175.5,175.5,175.5,175.5
21-Sep-00,178.5,178.5,178.5,178.5
20-Sep-00,180.25,180.25,180.25,180.25
19-Sep-00,179.125,179.125,179.125,179.125
18-Sep-00,178,178,178,178
15-Sep-00,175.5,175.5,175.5,175.5
14-Sep-00,172,172,172,172
13-Sep-00,168.75,168.75,168.75,168.75
12-Sep-00,177,177,177,177
11-Sep-00,164.75,164.75,164.75,164.75
8-Sep-00,171.75,171.75,171.75,171.75
7-Sep-00,175.5,175.5,175.5,175.5
6-Sep-00,172.25,172.25,172.25,172.25
5-Sep-00,172,172,172,172
4-Sep-00,167.5,167.5,167.5,167.5
1-Sep-00,165,165,165,165
31-Aug-00,165.125,165.125,165.125,165.125
30-Aug-00,162.75,162.75,162.75,162.75
29-Aug-00,163.375,163.375,163.375,163.375
28-Aug-00,159.625,159.625,159.625,159.625
25-Aug-00,160,160,160,160
24-Aug-00,163.625,163.625,163.625,163.625
23-Aug-00,164.625,164.625,164.625,164.625
22-Aug-00,164,164,164,164
21-Aug-00,158.75,158.75,158.75,158.75
18-Aug-00,156.875,156.875,156.875,156.875
17-Aug-00,153.875,153.875,153.875,153.875
16-Aug-00,149.75,149.75,149.75,149.75
15-Aug-00,151.625,151.625,151.625,151.625
14-Aug-00,148.375,148.375,148.375,148.375
11-Aug-00,148.75,148.75,148.75,148.75
10-Aug-00,147.75,147.75,147.75,147.75
9-Aug-00,147.375,147.375,147.375,147.375
8-Aug-00,147,147,147,147
7-Aug-00,151,151,151,151
4-Aug-00,147.625,147.625,147.625,147.625
3-Aug-00,146,146,146,146
2-Aug-00,145.5,145.5,145.5,145.5
1-Aug-00,141.125,141.125,141.125,141.125
31-Jul-00,144.5,144.5,144.5,144.5
28-Jul-00,145,145,145,145
27-Jul-00,142.375,142.375,142.375,142.375
26-Jul-00,141.5,141.5,141.5,141.5
25-Jul-00,143.25,143.25,143.25,143.25
24-Jul-00,147,147,147,147
21-Jul-00,150.5,150.5,150.5,150.5
20-Jul-00,152.375,152.375,152.375,152.375
19-Jul-00,155.125,155.125,155.125,155.125
18-Jul-00,151.375,151.375,151.375,151.375
17-Jul-00,153.25,153.25,153.25,153.25
14-Jul-00,155,155,155,155
13-Jul-00,153.75,153.75,153.75,153.75
12-Jul-00,148.875,148.875,148.875,148.875
11-Jul-00,148.75,148.75,148.75,148.75
10-Jul-00,153.75,153.75,153.75,153.75
7-Jul-00,155.25,155.25,155.25,155.25
6-Jul-00,157.75,157.75,157.75,157.75
5-Jul-00,157,157,157,157
4-Jul-00,160.125,160.125,160.125,160.125
3-Jul-00,165.75,165.75,165.75,165.75
30-Jun-00,173.5,173.5,173.5,173.5
29-Jun-00,172.125,172.125,172.125,172.125
28-Jun-00,171.75,171.75,171.75,171.75
27-Jun-00,169.5,169.5,169.5,169.5
26-Jun-00,173.5,173.5,173.5,173.5
23-Jun-00,168,168,168,168
22-Jun-00,162,162,162,162
21-Jun-00,162.375,162.375,162.375,162.375
20-Jun-00,158.375,158.375,158.375,158.375
19-Jun-00,158.5,158.5,158.5,158.5
16-Jun-00,163.5,163.5,163.5,163.5
15-Jun-00,164.75,164.75,164.75,164.75
14-Jun-00,167,167,167,167
13-Jun-00,165.625,165.625,165.625,165.625
12-Jun-00,163,163,163,163
9-Jun-00,159,159,159,159
8-Jun-00,158.875,158.875,158.875,158.875
7-Jun-00,159,159,159,159
6-Jun-00,158,158,158,158
5-Jun-00,158.75,158.75,158.75,158.75
2-Jun-00,158,158,158,158
1-Jun-00,157.125,157.125,157.125,157.125
31-May-00,159.75,159.75,159.75,159.75
30-May-00,158.5,158.5,158.5,158.5
29-May-00,158,158,158,158
26-May-00,159,159,159,159
25-May-00,157.75,157.75,157.75,157.75
24-May-00,155.5,155.5,155.5,155.5
23-May-00,152.875,152.875,152.875,152.875
22-May-00,154.5,154.5,154.5,154.5
19-May-00,154.625,154.625,154.625,154.625
18-May-00,152.313,152.313,152.313,152.313
17-May-00,150,150,150,150
16-May-00,151.375,151.375,151.375,151.375
15-May-00,150.25,150.25,150.25,150.25
12-May-00,150.75,150.75,150.75,150.75
11-May-00,144,144,144,144
10-May-00,143,143,143,143
9-May-00,137.5,137.5,137.5,137.5
8-May-00,138.125,138.125,138.125,138.125
5-May-00,137.5,137.5,137.5,137.5
4-May-00,137.25,137.25,137.25,137.25
3-May-00,137.625,137.625,137.625,137.625
2-May-00,135.5,135.5,135.5,135.5
1-May-00,137,137,137,137
28-Apr-00,138.5,138.5,138.5,138.5
27-Apr-00,135,135,135,135
26-Apr-00,135.25,135.25,135.25,135.25
25-Apr-00,135.625,135.625,135.625,135.625
24-Apr-00,137,137,137,137
21-Apr-00,136.75,136.75,136.75,136.75
20-Apr-00,136.5,136.5,136.5,136.5
19-Apr-00,133.375,133.375,133.375,133.375
18-Apr-00,133.25,133.25,133.25,133.25
17-Apr-00,128.75,128.75,128.75,128.75
14-Apr-00,134.75,134.75,134.75,134.75
13-Apr-00,136.625,136.625,136.625,136.625
12-Apr-00,129.375,129.375,129.375,129.375
11-Apr-00,127.25,127.25,127.25,127.25
10-Apr-00,127.5,127.5,127.5,127.5
7-Apr-00,130.75,130.75,130.75,130.75
6-Apr-00,132.5,132.5,132.5,132.5
5-Apr-00,132.25,132.25,132.25,132.25
4-Apr-00,137.25,137.25,137.25,137.25
3-Apr-00,139.5,139.5,139.5,139.5
31-Mar-00,144.5,144.5,144.5,144.5
30-Mar-00,142.25,142.25,142.25,142.25
29-Mar-00,145.25,145.25,145.25,145.25
28-Mar-00,143,143,143,143
27-Mar-00,143.5,143.5,143.5,143.5
24-Mar-00,144.5,144.5,144.5,144.5
23-Mar-00,137.5,137.5,137.5,137.5
22-Mar-00,136.25,136.25,136.25,136.25
21-Mar-00,136.5,136.5,136.5,136.5
20-Mar-00,141.975,141.975,141.975,141.975
17-Mar-00,145.375,145.375,145.375,145.375
16-Mar-00,146.563,146.563,146.563,146.563
15-Mar-00,147.75,147.75,147.75,147.75
14-Mar-00,149.875,149.875,149.875,149.875
13-Mar-00,146.5,146.5,146.5,146.5
10-Mar-00,146.5,146.5,146.5,146.5
9-Mar-00,154.25,154.25,154.25,154.25
8-Mar-00,169.25,169.25,169.25,169.25
7-Mar-00,164.25,164.25,164.25,164.25
6-Mar-00,152.5,152.5,152.5,152.5
3-Mar-00,149,149,149,149
2-Mar-00,147.5,147.5,147.5,147.5
1-Mar-00,143.875,143.875,143.875,143.875
29-Feb-00,145.625,145.625,145.625,145.625
28-Feb-00,145.375,145.375,145.375,145.375
25-Feb-00,141.75,141.75,141.75,141.75
24-Feb-00,141.5,141.5,141.5,141.5
23-Feb-00,139.875,139.875,139.875,139.875
22-Feb-00,138.125,138.125,138.125,138.125
21-Feb-00,138.5,138.5,138.5,138.5
18-Feb-00,139.5,139.5,139.5,139.5
17-Feb-00,141,141,141,141
16-Feb-00,142.75,142.75,142.75,142.75
15-Feb-00,142.625,142.625,142.625,142.625
14-Feb-00,138,138,138,138
11-Feb-00,137.75,137.75,137.75,137.75
10-Feb-00,136.25,136.25,136.25,136.25
9-Feb-00,134.5,134.5,134.5,134.5
8-Feb-00,135.375,135.375,135.375,135.375
7-Feb-00,135.563,135.563,135.563,135.563
4-Feb-00,135.75,135.75,135.75,135.75
3-Feb-00,135,135,135,135
2-Feb-00,139.625,139.625,139.625,139.625
1-Feb-00,137.75,137.75,137.75,137.75
31-Jan-00,131.625,131.625,131.625,131.625
28-Jan-00,133,133,133,133
27-Jan-00,135.5,135.5,135.5,135.5
26-Jan-00,138.875,138.875,138.875,138.875
25-Jan-00,136.5,136.5,136.5,136.5
24-Jan-00,141.625,141.625,141.625,141.625
21-Jan-00,140.75,140.75,140.75,140.75
20-Jan-00,137,137,137,137
19-Jan-00,138.375,138.375,138.375,138.375
18-Jan-00,134.5,134.5,134.5,134.5
17-Jan-00,132.125,132.125,132.125,132.125
14-Jan-00,125.75,125.75,125.75,125.75
13-Jan-00,125,125,125,125
12-Jan-00,122.25,122.25,122.25,122.25
11-Jan-00,123.125,123.125,123.125,123.125
10-Jan-00,123.75,123.75,123.75,123.75
7-Jan-00,124.375,124.375,124.375,124.375
6-Jan-00,125.75,125.75,125.75,125.75
5-Jan-00,127.25,127.25,127.25,127.25
4-Jan-00,126.25,126.25,126.25,126.25
3-Jan-00,128.417,128.417,128.417,128.417
