"Path","Length","LastWriteTimeUtc","SHA256"
"control_panel.ps1","3129","2025-09-07T07:00:49.7787405Z","AFBCBBD0E6137C342B6C85F1642E1E718651AFC32710897E5FAEBA0244D04820"
"data\.keep","0","2025-09-07T05:02:58.9460865Z","E3B0C44298FC1C149AFBF4C8996FB92427AE41E4649B934CA495991B7852B855"
"data\processed\.keep","0","2025-09-07T05:02:59.0691500Z","E3B0C44298FC1C149AFBF4C8996FB92427AE41E4649B934CA495991B7852B855"
"data\raw\.keep","0","2025-09-07T05:02:59.0691500Z","E3B0C44298FC1C149AFBF4C8996FB92427AE41E4649B934CA495991B7852B855"
"data\splits\.keep","0","2025-09-07T05:02:59.0691500Z","E3B0C44298FC1C149AFBF4C8996FB92427AE41E4649B934CA495991B7852B855"
"features\.keep","0","2025-09-07T05:02:58.9578124Z","E3B0C44298FC1C149AFBF4C8996FB92427AE41E4649B934CA495991B7852B855"
"forecasts\.keep","0","2025-09-07T05:02:58.9578124Z","E3B0C44298FC1C149AFBF4C8996FB92427AE41E4649B934CA495991B7852B855"
"models\.keep","0","2025-09-07T05:02:59.0534203Z","E3B0C44298FC1C149AFBF4C8996FB92427AE41E4649B934CA495991B7852B855"
"reports\.keep","0","2025-09-07T05:02:59.0634505Z","E3B0C44298FC1C149AFBF4C8996FB92427AE41E4649B934CA495991B7852B855"
