file ...ndxnc.csv,,,,
02-Nov-07,0,256.6,253.7,0
01-Nov-07,0,253,248.9,0
31-Oct-07,0,252,246.95,0
30-Oct-07,0,245.7,244.75,0
29-Oct-07,0,246.3,243.6,0
26-Oct-07,0,243.4,241,0
25-Oct-07,0,239.35,235.8,0
24-Oct-07,0,235.1,230.4,0
23-Oct-07,0,231.85,229.45,0
22-Oct-07,0,232.8,230,0
19-Oct-07,0,235.1,231.85,0
18-Oct-07,0,235.1,231.7,0
17-Oct-07,0,234.5,231,0
16-Oct-07,0,233.4,230.65,0
15-Oct-07,0,231.1,226.9,0
12-Oct-07,0,226,223.7,0
11-Oct-07,0,226.5,223.1,0
10-Oct-07,0,221.9,217.7,0
09-Oct-07,0,219.75,215.5,0
08-Oct-07,0,220.4,215,0
05-Oct-07,0,223.1,220.75,0
04-Oct-07,0,222.1,216,0
03-Oct-07,0,218.3,215.5,0
02-Oct-07,0,217.05,214.75,0
01-Oct-07,0,221.9,217,0
28-Sep-07,0,228.1,222.1,0
27-Sep-07,0,227.1,222.8,0
26-Sep-07,0,223.2,217.25,0
25-Sep-07,0,223.5,220.95,0
24-Sep-07,0,225.74,223.34,0
21-Sep-07,0,225.84,224.14,0
20-Sep-07,0,226.84,223.54,0
19-Sep-07,0,225.69,222.59,0
18-Sep-07,0,224.94,220.24,0
17-Sep-07,0,223.54,220.44,0
14-Sep-07,0,222.69,220.94,0
13-Sep-07,0,223.14,220.04,0
12-Sep-07,0,222.64,218.49,0
11-Sep-07,0,219.04,216.04,0
10-Sep-07,0,218.14,213.64,0
07-Sep-07,0,214.94,213.19,0
06-Sep-07,0,215.44,211.54,0
05-Sep-07,0,210.84,209.04,0
04-Sep-07,0,209.89,206.64,0
31-Aug-07,0,208.04,205.94,0
30-Aug-07,0,206.84,205.34,0
29-Aug-07,0,206.64,202.84,0
28-Aug-07,0,203.94,202.24,0
27-Aug-07,0,202.97,199.47,0
24-Aug-07,0,201.37,197.47,0
23-Aug-07,0,198.37,196.67,0
22-Aug-07,0,198.17,194.92,0
21-Aug-07,0,200.82,196.17,0
20-Aug-07,0,200.97,197.57,0
17-Aug-07,0,203.87,202.72,0
16-Aug-07,0,200.97,196.87,0
15-Aug-07,0,204.82,201.87,0
14-Aug-07,0,200.07,197.27,0
13-Aug-07,0,203.77,197.37,0
10-Aug-07,0,199.67,196.07,0
09-Aug-07,0,200.57,196.07,0
08-Aug-07,0,200.27,197.67,0
07-Aug-07,0,198.07,196.07,0
06-Aug-07,0,203.72,195.17,0
03-Aug-07,0,208.97,204.27,0
02-Aug-07,0,209.77,206.87,0
01-Aug-07,0,212.77,207.32,0
31-Jul-07,0,214.17,210.97,0
30-Jul-07,0,211.07,207.47,0
27-Jul-07,0,211.17,207.07,0
26-Jul-07,0,213.07,205.37,0
25-Jul-07,0,211.33,205.93,0
24-Jul-07,0,210.43,207.13,0
23-Jul-07,0,214.23,209.93,0
20-Jul-07,0,216.43,213.73,0
19-Jul-07,0,216.93,214.43,0
18-Jul-07,0,215.63,208.98,0
17-Jul-07,0,212.73,207.73,0
16-Jul-07,0,216.43,210.03,0
13-Jul-07,0,217.23,215.43,0
12-Jul-07,0,219.03,213.93,0
11-Jul-07,0,217.03,214.73,0
10-Jul-07,0,217.73,214.13,0
09-Jul-07,0,215.18,213.63,0
06-Jul-07,0,215.16,214.18,0
05-Jul-07,0,214.43,210.13,0
03-Jul-07,0,212.18,210.53,0
02-Jul-07,0,211.43,208.23,0
29-Jun-07,0,211.03,207.93,0
28-Jun-07,0,209.73,207.33,0
27-Jun-07,0,209.03,203.73,0
26-Jun-07,0,208.73,204.63,0
25-Jun-07,0,209.44,204.44,0
22-Jun-07,0,208.84,206.84,0
21-Jun-07,0,211.54,206.64,0
20-Jun-07,0,207.94,204.04,0
19-Jun-07,0,207.54,206.29,0
18-Jun-07,0,208.04,204.84,0
15-Jun-07,0,207.04,204.94,0
14-Jun-07,0,206.44,201.74,0
13-Jun-07,0,201.29,194.89,0
12-Jun-07,0,196.29,194.94,0
11-Jun-07,0,197.44,193.34,0
08-Jun-07,0,200.09,193.94,0
07-Jun-07,0,203.49,200.94,0
06-Jun-07,0,202.59,199.54,0
05-Jun-07,0,202.94,200.29,0
04-Jun-07,0,202.39,197.24,0
01-Jun-07,0,197.34,192.74,0
31-May-07,0,193.04,189.24,0
30-May-07,0,192.54,190.74,0
29-May-07,0,196.39,191.44,0
25-May-07,0,200.24,198.34,0
24-May-07,0,202.43,200.03,0
23-May-07,0,201.03,198.08,0
22-May-07,0,200.93,197.83,0
21-May-07,0,202.88,198.13,0
18-May-07,0,200.38,198.53,0
17-May-07,0,201.33,195.33,0
16-May-07,0,195.33,191.38,0
15-May-07,0,197.08,192.38,0
14-May-07,0,197.33,193.33,0
11-May-07,0,196.93,194.23,0
10-May-07,0,193.83,190.83,0
09-May-07,0,191.38,185.83,0
08-May-07,0,191.33,187.83,0
07-May-07,0,188.58,186.28,0
04-May-07,0,194.13,189.08,0
03-May-07,0,192.53,190.33,0
02-May-07,0,195.63,190.13,0
01-May-07,0,198.03,195.03,0
30-Apr-07,0,199.03,196.53,0
27-Apr-07,0,199.33,195.03,0
26-Apr-07,0,199.23,194.93,0
25-Apr-07,0,197.58,193.23,0
24-Apr-07,0,198.03,193.13,0
23-Apr-07,0,198.13,192.73,0
20-Apr-07,0,192.13,189.08,0
19-Apr-07,0,190.73,188.13,0
18-Apr-07,0,189.53,185.13,0
17-Apr-07,0,196.03,188.13,0
16-Apr-07,0,199.58,194.03,0
13-Apr-07,0,200.43,198.13,0
12-Apr-07,0,199.43,196.53,0
11-Apr-07,0,197.43,194.43,0
10-Apr-07,0,195.03,191.03,0
09-Apr-07,0,196.28,189.83,0
05-Apr-07,0,195.88,192.83,0
04-Apr-07,0,195.23,190.63,0
03-Apr-07,0,193.03,189.88,0
02-Apr-07,0,197.03,194.13,0
30-Mar-07,0,199.23,195.13,0
29-Mar-07,0,197.73,191.93,0
28-Mar-07,0,193.63,190.03,0
27-Mar-07,0,187.43,184.73,0
26-Mar-07,0,185.82,180.97,0
23-Mar-07,0,181.42,178.52,0
22-Mar-07,0,180.02,176.22,0
21-Mar-07,0,175.92,173.52,0
20-Mar-07,0,178.52,174.82,0
19-Mar-07,0,178.72,176.52,0
16-Mar-07,0,181.72,175.17,0
15-Mar-07,0,179.92,176.62,0
14-Mar-07,0,179.32,176.42,0
13-Mar-07,0,180.72,176.52,0
12-Mar-07,0,177.92,175.32,0
09-Mar-07,0,184.37,179.02,0
08-Mar-07,0,185.82,182.77,0
07-Mar-07,0,185.52,183.12,0
06-Mar-07,0,183.02,180.32,0
05-Mar-07,0,182.22,179.37,0
02-Mar-07,0,186.82,184.47,0
01-Mar-07,0,186.37,182.32,0
28-Feb-07,0,186.02,182.12,0
27-Feb-07,0,186.02,180.82,0
26-Feb-07,0,183.77,181.32,0
23-Feb-07,0,184.02,180.52,0
22-Feb-07,0,182.12,177.62,0
21-Feb-07,0,179.02,173.52,0
20-Feb-07,0,174.07,170.07,0
16-Feb-07,0,177.02,172.32,0
15-Feb-07,0,174.22,170.12,0
14-Feb-07,0,178.02,171.92,0
13-Feb-07,0,179.22,174.22,0
12-Feb-07,0,178.42,172.92,0
09-Feb-07,0,183.62,180.42,0
08-Feb-07,0,182.37,175.92,0
07-Feb-07,0,181.67,175.02,0
06-Feb-07,0,180.82,177.02,0
05-Feb-07,0,181.22,176.62,0
02-Feb-07,0,177.92,173.42,0
01-Feb-07,0,179.42,174.72,0
31-Jan-07,0,177.92,171.22,0
30-Jan-07,0,174.22,166.52,0
29-Jan-07,0,169.42,164.97,0
26-Jan-07,0,169.82,167.62,0
25-Jan-07,0,172.91,167.61,0
24-Jan-07,0,171.61,167.11,0
23-Jan-07,0,171.21,165.91,0
22-Jan-07,0,168.81,162.41,0
19-Jan-07,0,164.61,161.91,0
18-Jan-07,0,163.11,158.21,0
17-Jan-07,0,163.21,159.71,0
16-Jan-07,0,163.21,159.31,0
12-Jan-07,0,163.71,160.91,0
11-Jan-07,0,168.11,160.71,0
10-Jan-07,0,168.21,164.66,0
09-Jan-07,0,169.71,165.51,0
08-Jan-07,0,172.41,167.66,0
05-Jan-07,0,169.91,167.21,0
04-Jan-07,0,171.41,167.01,0
03-Jan-07,0,174.91,170.91,0
29-Dec-06,0,178.51,175.91,0
28-Dec-06,0,179.41,176.91,0
27-Dec-06,0,180.41,177.51,0
26-Dec-06,0,185.21,179.11,0
22-Dec-06,0,187.61,184.21,0
21-Dec-06,0,189.61,186.56,0
20-Dec-06,0,191.81,187.91,0
19-Dec-06,0,190.71,186.86,0
18-Dec-06,0,192.31,188.71,0
15-Dec-06,0,195.91,192.61,0
14-Dec-06,0,195.46,192.01,0
13-Dec-06,0,191.91,188.31,0
12-Dec-06,0,191.11,187.71,0
11-Dec-06,0,191.71,188.91,0
08-Dec-06,0,198.61,192.21,0
07-Dec-06,0,195.71,193.51,0
06-Dec-06,0,198.51,194.21,0
05-Dec-06,0,199.21,194.91,0
04-Dec-06,0,199.51,197.01,0
01-Dec-06,0,201.81,198.71,0
30-Nov-06,0,203.96,200.86,0
29-Nov-06,0,200.61,195.16,0
28-Nov-06,0,195.11,192.91,0
27-Nov-06,0,193.31,190.21,0
22-Nov-06,0,197.76,190.61,0
21-Nov-06,0,198.21,193.31,0
20-Nov-06,0,191.71,188.41,0
17-Nov-06,0,192.11,188.81,0
16-Nov-06,0,197.56,190.11,0
15-Nov-06,0,195.01,191.71,0
14-Nov-06,0,192.61,190.21,0
13-Nov-06,0,191.91,189.31,0
10-Nov-06,0,197.81,193.81,0
09-Nov-06,0,200.01,197.01,0
08-Nov-06,0,196.81,192.81,0
07-Nov-06,0,195.51,192.11,0
06-Nov-06,0,198.01,193.81,0
03-Nov-06,0,193.11,189.81,0
02-Nov-06,0,190.56,186.71,0
01-Nov-06,0,191.46,187.31,0
31-Oct-06,0,191.41,187.71,0
30-Oct-06,0,194.31,190.51,0
27-Oct-06,0,199.01,196.21,0
26-Oct-06,0,202.51,197.91,0
25-Oct-06,0,201.71,198.66,0
24-Oct-06,0,198.31,194.61,0
23-Oct-06,0,195.31,192.71,0
20-Oct-06,0,197.71,194.61,0
19-Oct-06,0,199.91,194.21,0
18-Oct-06,0,204.21,196.21,0
17-Oct-06,0,205.51,200.21,0
16-Oct-06,0,203.21,198.31,0
13-Oct-06,0,201.81,198.71,0
12-Oct-06,0,197.61,194.41,0
11-Oct-06,0,197.91,194.21,0
10-Oct-06,0,198.51,195.31,0
09-Oct-06,0,203.91,199.76,0
06-Oct-06,0,197.71,193.51,0
05-Oct-06,0,199.91,195.21,0
04-Oct-06,0,195.41,191.01,0
03-Oct-06,0,195.16,191.91,0
02-Oct-06,0,202.81,197.41,0
29-Sep-06,0,203.41,198.71,0
28-Sep-06,0,206.51,202.41,0
27-Sep-06,0,203.41,195.41,0
26-Sep-06,0,199.96,195.91,0
25-Sep-06,0,199.07,193.97,0
22-Sep-06,0,198.27,194.27,0
21-Sep-06,0,198.97,195.97,0
20-Sep-06,0,200.07,195.37,0
19-Sep-06,0,206.97,199.57,0
18-Sep-06,0,205.17,200.87,0
15-Sep-06,0,203.27,199.37,0
14-Sep-06,0,204.77,200.27,0
13-Sep-06,0,208.27,203.47,0
12-Sep-06,0,212.67,206.27,0
11-Sep-06,0,214.47,211.07,0
08-Sep-06,0,218.77,214.17,0
07-Sep-06,0,222.12,218.27,0
06-Sep-06,0,225.17,221.57,0
05-Sep-06,0,227.77,223.87,0
01-Sep-06,0,231.27,227.17,0
31-Aug-06,0,232.17,228.57,0
30-Aug-06,0,230.67,226.67,0
29-Aug-06,0,230.77,227.77,0
28-Aug-06,0,233.52,230.27,0
25-Aug-06,0,238.29,232.29,0
24-Aug-06,0,232.89,229.04,0
23-Aug-06,0,233.29,228.04,0
22-Aug-06,0,235.49,232.49,0
21-Aug-06,0,233.79,230.34,0
18-Aug-06,0,230.39,226.29,0
17-Aug-06,0,230.29,226.04,0
16-Aug-06,0,233.84,230.79,0
15-Aug-06,0,233.79,231.39,0
14-Aug-06,0,231.89,228.59,0
11-Aug-06,0,234.79,231.79,0
10-Aug-06,0,237.09,231.99,0
09-Aug-06,0,245.14,239.79,0
08-Aug-06,0,245.69,240.89,0
07-Aug-06,0,246.79,241.79,0
04-Aug-06,0,241.29,236.89,0
03-Aug-06,0,241.59,237.99,0
02-Aug-06,0,243.09,239.79,0
01-Aug-06,0,238.79,234.79,0
31-Jul-06,0,234.59,230.29,0
28-Jul-06,0,233.89,230.59,0
27-Jul-06,0,238.29,233.79,0
26-Jul-06,0,234.79,230.09,0
25-Jul-06,0,233.5,229.5,0
24-Jul-06,0,233.5,229.2,0
21-Jul-06,0,232.8,228.7,0
20-Jul-06,0,233.4,228.9,0
19-Jul-06,0,234.4,227.4,0
18-Jul-06,0,242.9,233.4,0
17-Jul-06,0,244.6,237.4,0
14-Jul-06,0,247,242.9,0
13-Jul-06,0,246.4,241.5,0
12-Jul-06,0,237.9,234.1,0
11-Jul-06,0,238,235.4,0
10-Jul-06,0,236.9,231.2,0
07-Jul-06,0,244.4,236.4,0
06-Jul-06,0,242.7,238,0
05-Jul-06,0,243.4,238.9,0
30-Jun-06,0,241.9,237.9,0
29-Jun-06,0,242.6,238.3,0
28-Jun-06,0,238.9,234.9,0
27-Jun-06,0,240.9,236.4,0
26-Jun-06,0,241.51,235.91,0
23-Jun-06,0,240.01,237.21,0
22-Jun-06,0,239.01,234.61,0
21-Jun-06,0,236.81,230.61,0
20-Jun-06,0,234.51,231.31,0
19-Jun-06,0,233.51,230.21,0
16-Jun-06,0,235.76,232.76,0
15-Jun-06,0,237.51,234.91,0
14-Jun-06,0,236.01,233.01,0
13-Jun-06,0,237.76,234.51,0
12-Jun-06,0,247.41,240.11,0
09-Jun-06,0,246.76,242.51,0
08-Jun-06,0,240.61,237.01,0
07-Jun-06,0,243.51,239.51,0
06-Jun-06,0,246.31,242.51,0
05-Jun-06,0,247.76,244.76,0
02-Jun-06,0,244.26,241.21,0
01-Jun-06,0,243.51,236.51,0
31-May-06,0,242.51,237.76,0
30-May-06,0,246.21,243.81,0
26-May-06,0,245.01,239.51,0
25-May-06,0,243.51,238.01,0
24-May-06,0,243.99,238.89,0
23-May-06,0,247.79,241.54,0
22-May-06,0,238.99,235.49,0
19-May-06,0,240.79,236.99,0
18-May-06,0,240.74,236.54,0
17-May-06,0,240.79,236.59,0
16-May-06,0,243.54,238.99,0
15-May-06,0,244.84,239.29,0
12-May-06,0,254.04,249.54,0
11-May-06,0,256.09,252.29,0
10-May-06,0,252.09,242.79,0
09-May-06,0,246.79,241.49,0
08-May-06,0,240.99,236.79,0
05-May-06,0,241.29,238.79,0
04-May-06,0,244.54,236.99,0
03-May-06,0,252.89,245.29,0
02-May-06,0,254.04,250.59,0
01-May-06,0,251.64,246.89,0
28-Apr-06,0,249.49,245.79,0
27-Apr-06,0,247.59,244.39,0
26-Apr-06,0,252.99,247.89,0
25-Apr-06,0,252.99,248.54,0
24-Apr-06,0,255.92,252.12,0
21-Apr-06,0,258.32,252.62,0
20-Apr-06,0,256.37,250.62,0
19-Apr-06,0,257.32,252.82,0
18-Apr-06,0,254.62,250.52,0
17-Apr-06,0,251.62,246.62,0
13-Apr-06,0,248.17,244.12,0
12-Apr-06,0,247.82,244.47,0
11-Apr-06,0,244.92,240.62,0
10-Apr-06,0,244.12,238.52,0
07-Apr-06,0,237.92,234.87,0
06-Apr-06,0,238.62,236.22,0
05-Apr-06,0,236.92,234.72,0
04-Apr-06,0,235.42,233.02,0
03-Apr-06,0,238.52,234.92,0
31-Mar-06,0,236.12,232.72,0
30-Mar-06,0,237.62,233.92,0
29-Mar-06,0,234.52,231.12,0
28-Mar-06,0,232.62,230.12,0
27-Mar-06,0,232.26,228.71,0
24-Mar-06,0,233.41,229.11,0
23-Mar-06,0,230.81,225.61,0
22-Mar-06,0,230.01,226.11,0
21-Mar-06,0,230.31,224.51,0
20-Mar-06,0,229.71,225.51,0
17-Mar-06,0,233.61,229.51,0
16-Mar-06,0,233.81,228.21,0
15-Mar-06,0,235.11,229.51,0
14-Mar-06,0,234.51,227.26,0
13-Mar-06,0,226.71,220.61,0
10-Mar-06,0,222.26,219.26,0
09-Mar-06,0,225.31,221.51,0
08-Mar-06,0,224.01,219.01,0
07-Mar-06,0,226.76,221.71,0
06-Mar-06,0,231.51,227.56,0
03-Mar-06,0,234.01,230.76,0
02-Mar-06,0,232.81,227.71,0
01-Mar-06,0,228.21,224.76,0
28-Feb-06,0,224.61,220.01,0
27-Feb-06,0,223.01,220.31,0
24-Feb-06,0,227.06,222.76,0
23-Feb-06,0,220.81,217.81,0
22-Feb-06,0,220.7,218.7,0
21-Feb-06,0,223.7,220.7,0
17-Feb-06,0,221.5,218.7,0
16-Feb-06,0,218.7,214.4,0
15-Feb-06,0,217.9,215,0
14-Feb-06,0,217.5,215.45,0
13-Feb-06,0,221.3,218.2,0
10-Feb-06,0,222.95,218.45,0
09-Feb-06,0,224.5,219.5,0
08-Feb-06,0,225.6,220.95,0
07-Feb-06,0,229.2,223.7,0
06-Feb-06,0,235.7,230.5,0
03-Feb-06,0,233.5,227.2,0
02-Feb-06,0,236.9,231.4,0
01-Feb-06,0,243.7,236.7,0
31-Jan-06,0,241.7,238.1,0
30-Jan-06,0,243.2,237.7,0
27-Jan-06,0,240.2,236.7,0
26-Jan-06,0,237.4,234.15,0
25-Jan-06,0,238.39,234.09,0
24-Jan-06,0,242.14,238.39,0
23-Jan-06,0,244.14,240.14,0
20-Jan-06,0,246.09,238.99,0
19-Jan-06,0,236.99,231.14,0
18-Jan-06,0,236.59,230.89,0
17-Jan-06,0,236.59,231.89,0
13-Jan-06,0,229.39,226.49,0
12-Jan-06,0,232.59,227.89,0
11-Jan-06,0,231.79,225.99,0
10-Jan-06,0,234.14,230.39,0
09-Jan-06,0,235.89,230.89,0
06-Jan-06,0,238.39,235.89,0
05-Jan-06,0,238.64,233.99,0
04-Jan-06,0,239.29,235.39,0
03-Jan-06,0,242.39,234.99,0
30-Dec-05,0,236.39,228.14,0
29-Dec-05,0,231.89,227.39,0
28-Dec-05,0,228.59,223.89,0
27-Dec-05,0,226.89,222.89,0
23-Dec-05,0,227.96,225.86,0
22-Dec-05,0,233.11,227.86,0
21-Dec-05,0,232.26,227.36,0
20-Dec-05,0,228.66,225.66,0
19-Dec-05,0,229.66,225.46,0
16-Dec-05,0,232.36,228.76,0
15-Dec-05,0,241.36,234.36,0
14-Dec-05,0,241.86,237.86,0
13-Dec-05,0,240.11,235.56,0
12-Dec-05,0,233.36,229.11,0
09-Dec-05,0,236.11,226.86,0
08-Dec-05,0,234.61,228.36,0
07-Dec-05,0,234.16,229.11,0
06-Dec-05,0,234.26,231.36,0
05-Dec-05,0,239.16,234.11,0
02-Dec-05,0,234.86,230.11,0
01-Dec-05,0,230.36,224.11,0
30-Nov-05,0,225.86,221.11,0
29-Nov-05,0,228.61,222.36,0
28-Nov-05,0,229.61,224.26,0
23-Nov-05,0,233.36,230.11,0
22-Nov-05,0,234.75,231.85,0
21-Nov-05,0,232.25,229,0
18-Nov-05,0,230.75,226.75,0
17-Nov-05,0,235.15,228.25,0
16-Nov-05,0,233.25,227.55,0
15-Nov-05,0,232.75,226.7,0
14-Nov-05,0,234.25,230.75,0
11-Nov-05,0,236.25,231,0
10-Nov-05,0,235,231.75,0
09-Nov-05,0,242.25,233.75,0
08-Nov-05,0,237.25,234.05,0
07-Nov-05,0,237.75,233.4,0
04-Nov-05,0,240.5,236.95,0
03-Nov-05,0,242.25,237.25,0
02-Nov-05,0,240.55,233.75,0
01-Nov-05,0,240.75,237.25,0
31-Oct-05,0,244.75,240.25,0
28-Oct-05,0,250.5,246.25,0
27-Oct-05,0,251.25,247,0
26-Oct-05,0,257.25,247.75,0
25-Oct-05,0,252.76,245.06,0
24-Oct-05,0,246.01,241.76,0
21-Oct-05,0,250.01,246.01,0
20-Oct-05,0,253.51,247.01,0
19-Oct-05,0,257.26,250.26,0
18-Oct-05,0,259.26,254.86,0
17-Oct-05,0,263.51,258.76,0
14-Oct-05,0,258.76,253.01,0
13-Oct-05,0,263.76,258.76,0
12-Oct-05,0,265.76,262.26,0
11-Oct-05,0,264.76,261.01,0
10-Oct-05,0,260.26,253.26,0
07-Oct-05,0,259.26,255.76,0
06-Oct-05,0,261.26,253.76,0
05-Oct-05,0,271.76,263.26,0
04-Oct-05,0,268.01,261.76,0
03-Oct-05,0,276.26,269.16,0
30-Sep-05,0,276.26,268.46,0
29-Sep-05,0,281.21,270.26,0
28-Sep-05,0,280.76,271.76,0
27-Sep-05,0,273.26,269.56,0
26-Sep-05,0,272.35,257.6,0
23-Sep-05,0,267.1,257.1,0
22-Sep-05,0,274.9,266.6,0
21-Sep-05,0,275.6,266.6,0
20-Sep-05,0,268.1,258.6,0
19-Sep-05,0,271.1,258.1,0
16-Sep-05,0,254.6,249.35,0
15-Sep-05,0,259.1,253.1,0
14-Sep-05,0,259.05,249.6,0
13-Sep-05,0,251.1,246.1,0
12-Sep-05,0,256.1,246.5,0
09-Sep-05,0,262.1,253.7,0
08-Sep-05,0,264.1,256.1,0
07-Sep-05,0,273.3,260.2,0
06-Sep-05,0,275.6,271.1,0
02-Sep-05,0,280.6,272.6,0
01-Sep-05,0,287.1,277.6,0
31-Aug-05,0,276.1,270.1,0
30-Aug-05,0,276.1,265.1,0
29-Aug-05,0,265.1,255.6,0
26-Aug-05,0,257.1,252.9,0
25-Aug-05,0,257.65,253.7,0
24-Aug-05,0,256.95,250.35,0
23-Aug-05,0,252.95,248.95,0
22-Aug-05,0,256.15,250.65,0
19-Aug-05,0,254.95,250.95,0
18-Aug-05,0,250.85,245.65,0
17-Aug-05,0,258.65,247.65,0
16-Aug-05,0,259.75,255.65,0
15-Aug-05,0,261.15,256.25,0
12-Aug-05,0,263.45,260.05,0
11-Aug-05,0,260.55,253.45,0
10-Aug-05,0,254.35,248.25,0
09-Aug-05,0,250.65,247.35,0
08-Aug-05,0,249.55,245.15,0
05-Aug-05,0,243.65,240.65,0
04-Aug-05,0,242.4,239.15,0
03-Aug-05,0,243.65,238.75,0
02-Aug-05,0,243.25,240.35,0
01-Aug-05,0,243.4,239.4,0
29-Jul-05,0,240.15,236.95,0
28-Jul-05,0,238.85,234.15,0
27-Jul-05,0,236.95,233.15,0
26-Jul-05,0,238.45,234.35,0
25-Jul-05,0,235.09,229.99,0
22-Jul-05,0,233.09,230.19,0
21-Jul-05,0,234.99,229.59,0
20-Jul-05,0,239.39,232.99,0
19-Jul-05,0,239.29,236.29,0
18-Jul-05,0,238.69,235.59,0
15-Jul-05,0,243.89,238.99,0
14-Jul-05,0,245.09,237.29,0
13-Jul-05,0,248.24,244.69,0
12-Jul-05,0,249.39,244.24,0
11-Jul-05,0,243.19,240.09,0
08-Jul-05,0,253.39,245.29,0
07-Jul-05,0,252.14,245.29,0
06-Jul-05,0,253.79,249.99,0
05-Jul-05,0,250.49,246.99,0
01-Jul-05,0,247.49,238.99,0
30-Jun-05,0,241.99,236.49,0
29-Jun-05,0,237.79,233.89,0
28-Jun-05,0,242.69,236.49,0
27-Jun-05,0,244.19,241.79,0
24-Jun-05,0,245.95,242.35,0
23-Jun-05,0,246.15,241.1,0
22-Jun-05,0,243.65,238.45,0
21-Jun-05,0,243.35,240.6,0
20-Jun-05,0,244.85,241.35,0
17-Jun-05,0,243.45,241.25,0
16-Jun-05,0,240.85,238.15,0
15-Jun-05,0,244.85,239.65,0
14-Jun-05,0,245.85,241.35,0
13-Jun-05,0,245.75,238.85,0
10-Jun-05,0,243.35,238.4,0
09-Jun-05,0,240.85,234.45,0
08-Jun-05,0,240.35,232.85,0
07-Jun-05,0,240.55,236.85,0
06-Jun-05,0,240.85,235.85,0
03-Jun-05,0,238.15,233.25,0
02-Jun-05,0,237.35,230.85,0
01-Jun-05,0,232.75,223.95,0
31-May-05,0,223.85,219.65,0
27-May-05,0,223.55,222.05,0
26-May-05,0,224.15,220.15,0
25-May-05,0,223.15,216.9,0
24-May-05,0,218.64,216.14,0
23-May-05,0,217.64,213.79,0
20-May-05,0,219.44,215.34,0
19-May-05,0,220.64,216.24,0
18-May-05,0,218.24,215.04,0
17-May-05,0,217.24,214.14,0
16-May-05,0,214.94,212.84,0
13-May-05,0,216.94,214.99,0
12-May-05,0,218.84,216.24,0
11-May-05,0,224.44,219.44,0
10-May-05,0,229.34,223.54,0
09-May-05,0,223.74,221.04,0
06-May-05,0,225.44,220.64,0
05-May-05,0,225.44,221.74,0
04-May-05,0,226.94,221.54,0
03-May-05,0,225.64,222.74,0
02-May-05,0,226.34,220.94,0
29-Apr-05,0,227.44,220.44,0
28-Apr-05,0,228.44,222.04,0
27-Apr-05,0,230.94,226.74,0
26-Apr-05,0,232.04,229.04,0
25-Apr-05,0,234.93,230.63,0
22-Apr-05,0,234.73,232.63,0
21-Apr-05,0,233.13,228.38,0
20-Apr-05,0,230.23,226.88,0
19-Apr-05,0,229.03,224.63,0
18-Apr-05,0,226.13,222.13,0
15-Apr-05,0,226.23,223.53,0
14-Apr-05,0,227.93,223.63,0
13-Apr-05,0,225.13,222.63,0
12-Apr-05,0,227.98,225.13,0
11-Apr-05,0,228.43,224.63,0
08-Apr-05,0,231.03,226.63,0
07-Apr-05,0,239.53,230.13,0
06-Apr-05,0,240.98,237.63,0
05-Apr-05,0,245.43,240.93,0
04-Apr-05,0,247.43,243.13,0
01-Apr-05,0,246.63,239.93,0
31-Mar-05,0,242.63,238.13,0
30-Mar-05,0,235.73,228.63,0
29-Mar-05,0,231.63,229.13,0
28-Mar-05,0,231.73,229.13,0
24-Mar-05,0,231.29,227.59,0
23-Mar-05,0,230.09,225.39,0
22-Mar-05,0,233.19,229.49,0
21-Mar-05,0,233.79,231.29,0
18-Mar-05,0,234.99,231.79,0
17-Mar-05,0,236.54,232.39,0
16-Mar-05,0,235.29,229.54,0
15-Mar-05,0,231.49,227.79,0
14-Mar-05,0,229.89,225.09,0
11-Mar-05,0,230.59,225.29,0
10-Mar-05,0,227.89,223.69,0
09-Mar-05,0,230.89,226.59,0
08-Mar-05,0,228.79,223.89,0
07-Mar-05,0,224.04,221.09,0
04-Mar-05,0,224.89,222.29,0
03-Mar-05,0,228.04,222.99,0
02-Mar-05,0,226.49,221.79,0
01-Mar-05,0,221.99,216.09,0
28-Feb-05,0,221.19,218.59,0
25-Feb-05,0,219.79,216.29,0
24-Feb-05,0,221.99,215.94,0
23-Feb-05,0,219.29,214.69,0
22-Feb-05,0,215.47,209.77,0
18-Feb-05,0,206.57,202.87,0
17-Feb-05,0,205.37,202.07,0
16-Feb-05,0,205.47,199.87,0
15-Feb-05,0,202.07,199.82,0
14-Feb-05,0,203.32,198.82,0
11-Feb-05,0,204.07,201.32,0
10-Feb-05,0,203.37,199.82,0
09-Feb-05,0,200.07,194.77,0
08-Feb-05,0,196.57,193.57,0
07-Feb-05,0,196.87,193.57,0
04-Feb-05,0,200.37,198.07,0
03-Feb-05,0,199.57,197.37,0
02-Feb-05,0,204.57,200.37,0
01-Feb-05,0,205.62,202.17,0
31-Jan-05,0,206.07,199.42,0
28-Jan-05,0,207.87,202.87,0
27-Jan-05,0,212.17,209.27,0
26-Jan-05,0,213.07,207.87,0
25-Jan-05,0,211.24,207.69,0
24-Jan-05,0,209.89,206.19,0
21-Jan-05,0,208.19,204.29,0
20-Jan-05,0,204.89,200.29,0
19-Jan-05,0,204.39,202.24,0
18-Jan-05,0,207.89,201.39,0
14-Jan-05,0,204.69,201.19,0
13-Jan-05,0,203.14,199.39,0
12-Jan-05,0,199.19,194.24,0
11-Jan-05,0,199.09,195.79,0
10-Jan-05,0,203.39,195.69,0
07-Jan-05,0,197.09,193.39,0
06-Jan-05,0,197.39,190.89,0
05-Jan-05,0,192.59,187.39,0
04-Jan-05,0,194.84,188.19,0
03-Jan-05,0,188.99,185.19,0
30-Dec-04,0,194.89,192.14,0
29-Dec-04,0,196.89,188.59,0
28-Dec-04,0,194.09,191.19,0
27-Dec-04,0,197.69,189.64,0
23-Dec-04,0,200.78,197.48,0
22-Dec-04,0,206.18,198.48,0
21-Dec-04,0,205.98,203.28,0
20-Dec-04,0,206.98,203.63,0
17-Dec-04,0,211.78,205.38,0
16-Dec-04,0,206.08,200.98,0
15-Dec-04,0,203.98,195.03,0
14-Dec-04,0,196.48,191.98,0
13-Dec-04,0,192.78,188.58,0
10-Dec-04,0,196.48,187.28,0
09-Dec-04,0,196.48,191.98,0
08-Dec-04,0,192.98,185.13,0
07-Dec-04,0,189.68,186.78,0
06-Dec-04,0,192.48,189.78,0
03-Dec-04,0,191.48,186.98,0
02-Dec-04,0,195.48,189.73,0
01-Dec-04,0,206.23,197.18,0
30-Nov-04,0,211.88,205.48,0
29-Nov-04,0,213.48,209.58,0
24-Nov-04,0,212.78,206.98,0
23-Nov-04,0,214.88,210.48,0
22-Nov-04,0,216.29,211.79,0
19-Nov-04,0,216.69,210.54,0
18-Nov-04,0,211.89,205.99,0
17-Nov-04,0,209.49,199.99,0
16-Nov-04,0,204.09,199.99,0
15-Nov-04,0,202.44,197.99,0
12-Nov-04,0,205.39,202.99,0
11-Nov-04,0,206.79,202.99,0
10-Nov-04,0,208.24,201.89,0
09-Nov-04,0,205.49,201.59,0
08-Nov-04,0,205.74,202.59,0
05-Nov-04,0,205.99,202.49,0
04-Nov-04,0,210.69,204.49,0
03-Nov-04,0,210.39,204.49,0
02-Nov-04,0,208.89,206.29,0
01-Nov-04,0,216.44,206.49,0
29-Oct-04,0,214.14,210.89,0
28-Oct-04,0,218.99,213.49,0
27-Oct-04,0,227.29,216.99,0
26-Oct-04,0,225.49,221.79,0
25-Oct-04,0,227.26,222.66,0
22-Oct-04,0,227.26,225.16,0
21-Oct-04,0,225.26,222.46,0
20-Oct-04,0,223.46,217.66,0
19-Oct-04,0,218.16,215.66,0
18-Oct-04,0,221.66,216.51,0
15-Oct-04,0,221.96,218.96,0
14-Oct-04,0,221.96,216.36,0
13-Oct-04,0,216.96,210.46,0
12-Oct-04,0,215.66,211.96,0
11-Oct-04,0,214.66,211.96,0
08-Oct-04,0,212.91,208.96,0
07-Oct-04,0,210.66,208.66,0
06-Oct-04,0,209.16,205.81,0
05-Oct-04,0,207.96,205.76,0
04-Oct-04,0,205.96,204.86,0
01-Oct-04,0,206.76,203.96,0
30-Sep-04,0,206.76,204.46,0
29-Sep-04,0,205.96,201.66,0
28-Sep-04,0,205.46,203.06,0
27-Sep-04,0,204.66,202.96,0
24-Sep-04,0,204.62,201.77,0
23-Sep-04,0,204.97,200.47,0
22-Sep-04,0,203.87,197.67,0
21-Sep-04,0,199.57,196.22,0
20-Sep-04,0,196.17,193.37,0
17-Sep-04,0,195.62,192.27,0
16-Sep-04,0,192.67,186.27,0
15-Sep-04,0,193.67,188.47,0
14-Sep-04,0,192.87,189.77,0
13-Sep-04,0,190.47,188.67,0
10-Sep-04,0,192.02,184.17,0
09-Sep-04,0,191.67,185.67,0
08-Sep-04,0,187.07,183.17,0
07-Sep-04,0,185.47,184.27,0
03-Sep-04,0,187.77,185.77,0
02-Sep-04,0,190.67,186.97,0
01-Sep-04,0,187.67,181.97,0
31-Aug-04,0,181.57,179.97,0
30-Aug-04,0,185.17,179.77,0
27-Aug-04,0,184.87,182.57,0
26-Aug-04,0,185.27,182.17,0
25-Aug-04,0,190.06,182.96,0
24-Aug-04,0,190.06,187.06,0
23-Aug-04,0,193.26,190.16,0
20-Aug-04,0,196.76,191.76,0
19-Aug-04,0,195.96,192.66,0
18-Aug-04,0,192.26,189.76,0
17-Aug-04,0,192.36,188.66,0
16-Aug-04,0,191.16,189.06,0
13-Aug-04,0,190.86,188.66,0
12-Aug-04,0,188.96,186.41,0
11-Aug-04,0,186.86,181.06,0
10-Aug-04,0,188.16,185.26,0
09-Aug-04,0,189.06,186.36,0
06-Aug-04,0,187.86,185.66,0
05-Aug-04,0,189.06,185.06,0
04-Aug-04,0,187.46,184.26,0
03-Aug-04,0,187.96,185.41,0
02-Aug-04,0,186.06,184.56,0
30-Jul-04,0,186.21,185.06,0
29-Jul-04,0,184.46,182.16,0
28-Jul-04,0,184.86,182.06,0
27-Jul-04,0,183.36,182.06,0
26-Jul-04,0,183.93,181.73,0
23-Jul-04,0,184.93,182.63,0
22-Jul-04,0,183.13,178.43,0
21-Jul-04,0,180.53,177.53,0
20-Jul-04,0,182.13,178.33,0
19-Jul-04,0,182.28,179.73,0
16-Jul-04,0,183.43,179.23,0
15-Jul-04,0,180.93,179.03,0
14-Jul-04,0,180.33,175.63,0
13-Jul-04,0,178.43,175.48,0
12-Jul-04,0,181.73,176.83,0
09-Jul-04,0,180.73,178.93,0
08-Jul-04,0,181.33,176.43,0
07-Jul-04,0,179.73,177.13,0
06-Jul-04,0,181.53,179.53,0
02-Jul-04,0,179.88,177.73,0
01-Jul-04,0,179.73,172.13,0
30-Jun-04,0,173.18,167.93,0
29-Jun-04,0,169.93,168.03,0
28-Jun-04,0,171.33,167.93,0
25-Jun-04,0,173.53,172.18,0
24-Jun-04,0,173.16,170.66,0
23-Jun-04,0,172.26,169.46,0
22-Jun-04,0,172.66,169.26,0
21-Jun-04,0,173.76,169.81,0
18-Jun-04,0,174.26,172.56,0
17-Jun-04,0,174.16,169.76,0
16-Jun-04,0,169.86,168.16,0
15-Jun-04,0,172.16,167.41,0
14-Jun-04,0,171.26,168.76,0
10-Jun-04,0,172.16,168.46,0
09-Jun-04,0,169.06,165.16,0
08-Jun-04,0,170.66,166.56,0
07-Jun-04,0,170.16,167.66,0
04-Jun-04,0,170.26,168.41,0
03-Jun-04,0,174.06,167.16,0
02-Jun-04,0,176.76,171.56,0
01-Jun-04,0,177.46,173.46,0
28-May-04,0,171.36,169.56,0
27-May-04,0,171.46,168.46,0
26-May-04,0,174.96,172.16,0
25-May-04,0,175.16,172.61,0
24-May-04,0,175.5,170.9,0
21-May-04,0,172.9,169.35,0
20-May-04,0,175,172.35,0
19-May-04,0,175.5,170.3,0
18-May-04,0,172.9,170.8,0
17-May-04,0,174.6,172.9,0
14-May-04,0,175.6,173.95,0
13-May-04,0,175.1,172.2,0
12-May-04,0,174.3,171.2,0
11-May-04,0,171.9,168.1,0
10-May-04,0,170.1,167.85,0
07-May-04,0,172.4,170.7,0
06-May-04,0,171.9,169.7,0
05-May-04,0,170.5,167.4,0
04-May-04,0,169.35,167.5,0
03-May-04,0,167.4,163.8,0
30-Apr-04,0,166.7,164.2,0
29-Apr-04,0,164.5,162.7,0
28-Apr-04,0,166.1,162.7,0
27-Apr-04,0,164.9,163.4,0
26-Apr-04,0,165.53,163.23,0
23-Apr-04,0,165.13,162.23,0
22-Apr-04,0,166.53,162.53,0
21-Apr-04,0,164.43,162.13,0
20-Apr-04,0,165.63,164.38,0
19-Apr-04,0,168.93,165.83,0
16-Apr-04,0,168.83,166.73,0
15-Apr-04,0,168.43,165.63,0
14-Apr-04,0,165.43,163.43,0
13-Apr-04,0,166.13,164.23,0
12-Apr-04,0,166.88,164.53,0
08-Apr-04,0,165.48,163.13,0
07-Apr-04,0,163.73,158.43,0
06-Apr-04,0,159.43,156.93,0
05-Apr-04,0,157.38,156.13,0
02-Apr-04,0,157.33,153.13,0
01-Apr-04,0,161.83,155.63,0
31-Mar-04,0,161.63,158.13,0
30-Mar-04,0,162.53,160.63,0
29-Mar-04,0,160.23,158.03,0
26-Mar-04,0,161.43,157.63,0
25-Mar-04,0,161.43,158.98,0
24-Mar-04,0,163.93,161.83,0
23-Mar-04,0,164.53,160.53,0
22-Mar-04,0,163.73,160.23,0
19-Mar-04,0,166.88,164.13,0
18-Mar-04,0,166.93,164.63,0
17-Mar-04,0,167.23,162.33,0
16-Mar-04,0,162.78,160.73,0
15-Mar-04,0,162.83,158.93,0
12-Mar-04,0,159.73,156.33,0
11-Mar-04,0,159.93,158.13,0
10-Mar-04,0,159.98,157.38,0
09-Mar-04,0,161.33,158.83,0
08-Mar-04,0,163.93,159.73,0
05-Mar-04,0,164.33,162.73,0
04-Mar-04,0,163.73,160.23,0
03-Mar-04,0,164.23,160.23,0
02-Mar-04,0,165.63,163.53,0
01-Mar-04,0,166.63,162.73,0
27-Feb-04,0,165.43,162.88,0
26-Feb-04,0,163.73,161.63,0
25-Feb-04,0,163.43,158.73,0
24-Feb-04,0,159.43,158.13,0
23-Feb-04,0,161.22,158.92,0
20-Feb-04,0,163.12,158.42,0
19-Feb-04,0,164.02,162.32,0
18-Feb-04,0,165.32,163.57,0
17-Feb-04,0,165.62,163.82,0
13-Feb-04,0,165.12,163.12,0
12-Feb-04,0,162.72,161.12,0
11-Feb-04,0,162.42,158.27,0
10-Feb-04,0,161.32,158.77,0
09-Feb-04,0,159.52,157.02,0
06-Feb-04,0,158.87,156.37,0
05-Feb-04,0,159.02,156.72,0
04-Feb-04,0,163.42,158.92,0
03-Feb-04,0,164.87,161.87,0
02-Feb-04,0,165.32,160.72,0
30-Jan-04,0,164.32,161.22,0
29-Jan-04,0,165.12,161.72,0
28-Jan-04,0,168.72,164.62,0
27-Jan-04,0,169.27,166.52,0
26-Jan-04,0,171.1,167,0
23-Jan-04,0,173.8,171.8,0
22-Jan-04,0,173.7,168.3,0
21-Jan-04,0,172.8,170.6,0
20-Jan-04,0,172,168.9,0
16-Jan-04,0,167.9,163.35,0
15-Jan-04,0,169.4,162,0
14-Jan-04,0,168.5,165.25,0
13-Jan-04,0,171,168.25,0
12-Jan-04,0,171.2,168.25,0
09-Jan-04,0,171.5,169.1,0
08-Jan-04,0,168.1,165.2,0
07-Jan-04,0,168,164.9,0
06-Jan-04,0,169,166,0
05-Jan-04,0,166.6,163.6,0
31-Dec-03,0,163.5,160.7,0
30-Dec-03,0,163.6,161.6,0
29-Dec-03,0,160.9,159.5,0
24-Dec-03,0,161.85,159.6,0
23-Dec-03,0,160.4,158.1,0
22-Dec-03,0,163.4,159.9,0
19-Dec-03,0,167.5,164.1,0
18-Dec-03,0,168.2,163.7,0
17-Dec-03,0,165.6,162.5,0
16-Dec-03,0,162.85,161.55,0
15-Dec-03,0,163.6,161.15,0
12-Dec-03,0,163.3,160.4,0
11-Dec-03,0,159.95,157.8,0
10-Dec-03,0,162,158.2,0
09-Dec-03,0,161.3,159.1,0
08-Dec-03,0,162.3,157.75,0
05-Dec-03,0,159.5,156.85,0
04-Dec-03,0,159.9,155.4,0
03-Dec-03,0,157.5,155.5,0
02-Dec-03,0,157.5,155.1,0
01-Dec-03,0,154.2,153.1,0
26-Nov-03,0,155.3,153.2,0
25-Nov-03,0,153.7,151.9,0
24-Nov-03,0,157.1,152.9,0
21-Nov-03,0,159.1,157.9,0
20-Nov-03,0,161.89,158.49,0
19-Nov-03,0,162.14,159.29,0
18-Nov-03,0,161.89,156.49,0
17-Nov-03,0,158.69,156.89,0
14-Nov-03,0,160.09,158.09,0
13-Nov-03,0,157.99,155.19,0
12-Nov-03,0,156.39,154.79,0
11-Nov-03,0,156.04,154.49,0
10-Nov-03,0,155.34,154.19,0
07-Nov-03,0,155.99,154.19,0
06-Nov-03,0,154.79,152.89,0
05-Nov-03,0,154.24,149.19,0
04-Nov-03,0,149.89,148.89,0
03-Nov-03,0,151.79,149.89,0
31-Oct-03,0,151.79,149.29,0
30-Oct-03,0,149.89,148.89,0
29-Oct-03,0,153.19,150.59,0
28-Oct-03,0,152.89,151.69,0
27-Oct-03,0,153.28,151.68,0
24-Oct-03,0,155.23,153.03,0
23-Oct-03,0,154.53,152.03,0
22-Oct-03,0,155.68,152.83,0
21-Oct-03,0,155.03,153.63,0
20-Oct-03,0,155.13,152.13,0
17-Oct-03,0,156.33,152.53,0
16-Oct-03,0,158.93,157.43,0
15-Oct-03,0,159.13,157.93,0
14-Oct-03,0,160.18,157.98,0
13-Oct-03,0,159.53,158.33,0
10-Oct-03,0,161.23,157.63,0
09-Oct-03,0,157.73,153.43,0
08-Oct-03,0,153.63,151.58,0
07-Oct-03,0,153.43,152.23,0
06-Oct-03,0,154.13,152.53,0
03-Oct-03,0,153.33,151.78,0
02-Oct-03,0,153.23,151.68,0
01-Oct-03,0,151.43,149.43,0
30-Sep-03,0,150.63,147.73,0
29-Sep-03,0,148.33,147.43,0
26-Sep-03,0,147.73,145.63,0
25-Sep-03,0,147.33,146.13,0
24-Sep-03,0,147.61,145.21,0
23-Sep-03,0,144.31,143.01,0
22-Sep-03,0,143.66,142.11,0
19-Sep-03,0,143.91,141.91,0
18-Sep-03,0,143.81,142.61,0
17-Sep-03,0,145.71,143.31,0
16-Sep-03,0,146.66,145.36,0
15-Sep-03,0,147.86,146.21,0
12-Sep-03,0,147.61,146.21,0
11-Sep-03,0,149.91,147.61,0
10-Sep-03,0,149.76,147.81,0
09-Sep-03,0,149.36,148.41,0
08-Sep-03,0,149.91,147.81,0
05-Sep-03,0,149.41,148.01,0
04-Sep-03,0,150.41,147.41,0
03-Sep-03,0,150.41,148.71,0
02-Sep-03,0,154.31,149.41,0
29-Aug-03,0,156.41,154.81,0
28-Aug-03,0,155.31,154.26,0
27-Aug-03,0,156.21,153.91,0
26-Aug-03,0,156.66,155.66,0
25-Aug-03,0,157.96,155.26,0
22-Aug-03,0,157.26,155.96,0
21-Aug-03,0,158.46,154.61,0
20-Aug-03,0,154.26,152.26,0
19-Aug-03,0,153.96,151.46,0
18-Aug-03,0,155.26,152.46,0
15-Aug-03,0,156.16,153.46,0
14-Aug-03,0,154.96,152.46,0
13-Aug-03,0,156.96,153.86,0
12-Aug-03,0,157.86,155.16,0
11-Aug-03,0,157.46,156.56,0
08-Aug-03,0,159.51,156.71,0
07-Aug-03,0,159.06,156.86,0
06-Aug-03,0,159.16,156.06,0
05-Aug-03,0,159.06,157.86,0
04-Aug-03,0,158.66,156.76,0
01-Aug-03,0,158.86,153.96,0
31-Jul-03,0,154.86,152.96,0
30-Jul-03,0,154.06,151.56,0
29-Jul-03,0,152.86,151.11,0
28-Jul-03,0,152.26,150.36,0
25-Jul-03,0,151.37,150.17,0
24-Jul-03,0,150.67,148.72,0
23-Jul-03,0,150.07,147.87,0
22-Jul-03,0,152.22,148.17,0
21-Jul-03,0,152.67,151.27,0
18-Jul-03,0,153.47,151.77,0
17-Jul-03,0,152.97,151.87,0
16-Jul-03,0,154.77,151.12,0
15-Jul-03,0,154.37,152.77,0
14-Jul-03,0,154.07,152.52,0
11-Jul-03,0,155.07,153.47,0
10-Jul-03,0,154.72,153.07,0
09-Jul-03,0,153.47,150.87,0
08-Jul-03,0,151.12,148.72,0
07-Jul-03,0,150.87,149.77,0
03-Jul-03,0,152.77,150.77,0
02-Jul-03,0,152.37,150.37,0
01-Jul-03,0,152.47,150.07,0
30-Jun-03,0,151.57,149.47,0
27-Jun-03,0,149.77,148.12,0
26-Jun-03,0,150.37,148.07,0
25-Jun-03,0,151.37,148.17,0
24-Jun-03,0,148.9,147.9,0
23-Jun-03,0,150.2,148.5,0
20-Jun-03,0,150.35,148.1,0
19-Jun-03,0,148.1,146.8,0
18-Jun-03,0,149.1,146.4,0
17-Jun-03,0,149.2,147.9,0
16-Jun-03,0,149.7,147.25,0
13-Jun-03,0,149.1,146.6,0
12-Jun-03,0,152.7,149.7,0
11-Jun-03,0,153.7,151.9,0
10-Jun-03,0,152.8,150.7,0
09-Jun-03,0,153.2,151.3,0
06-Jun-03,0,152.3,150.7,0
05-Jun-03,0,151.3,148.9,0
04-Jun-03,0,152,148.5,0
03-Jun-03,0,151.3,149.75,0
02-Jun-03,0,151.55,149,0
30-May-03,0,149,147.5,0
29-May-03,0,149.3,145.25,0
28-May-03,0,147.8,146.3,0
27-May-03,0,149,146.95,0
23-May-03,0,149.35,148.3,0
22-May-03,0,148.7,146.8,0
21-May-03,0,149.9,147.5,0
20-May-03,0,147.8,145.75,0
19-May-03,0,150.5,146.7,0
16-May-03,0,150.3,148.8,0
15-May-03,0,151.2,148.4,0
14-May-03,0,150.8,146.6,0
13-May-03,0,148.4,145.4,0
12-May-03,0,148.3,144.65,0
09-May-03,0,146.5,145.25,0
08-May-03,0,146.2,142.4,0
07-May-03,0,143.5,141.5,0
06-May-03,0,144.6,141.3,0
05-May-03,0,144.9,142.2,0
02-May-03,0,144.3,140.9,0
01-May-03,0,144.5,142.85,0
30-Apr-03,0,144.25,141,0
29-Apr-03,0,142.2,140.9,0
28-Apr-03,0,143.65,141.6,0
25-Apr-03,0,145.95,143.8,0
24-Apr-03,0,144.9,142.1,0
23-Apr-03,0,145.6,141.7,0
22-Apr-03,0,147,144.9,0
21-Apr-03,0,148,144,0
17-Apr-03,0,145.2,143.4,0
16-Apr-03,0,146.3,141.8,0
15-Apr-03,0,144.8,142.3,0
14-Apr-03,0,143,139.2,0
11-Apr-03,0,140.2,137.35,0
10-Apr-03,0,142.55,138.1,0
09-Apr-03,0,142.2,139.1,0
08-Apr-03,0,140.4,138.8,0
07-Apr-03,0,141.05,138.2,0
04-Apr-03,0,140.2,138.2,0
03-Apr-03,0,141,138.6,0
02-Apr-03,0,139.9,138.5,0
01-Apr-03,0,144.3,140.9,0
31-Mar-03,0,145.5,143.1,0
28-Mar-03,0,145.7,142.3,0
27-Mar-03,0,145.6,141.7,0
26-Mar-03,0,140.5,138.8,0
25-Mar-03,0,144.81,137.91,0
24-Mar-03,0,144.81,142.21,0
21-Mar-03,0,145.91,140.41,0
20-Mar-03,0,152.41,145.31,0
19-Mar-03,0,152.61,148.51,0
18-Mar-03,0,154.41,150.61,0
17-Mar-03,0,161.21,156.41,0
14-Mar-03,0,160.91,157.11,0
13-Mar-03,0,168.31,161.11,0
12-Mar-03,0,170.91,167.31,0
11-Mar-03,0,173.51,167.91,0
10-Mar-03,0,178.41,173.71,0
07-Mar-03,0,176.96,171.11,0
06-Mar-03,0,171.21,169.11,0
05-Mar-03,0,171.51,167.41,0
04-Mar-03,0,172.11,169.91,0
03-Mar-03,0,171.41,168.41,0
28-Feb-03,0,174.21,170.66,0
27-Feb-03,0,173.91,168.51,0
26-Feb-03,0,172.41,168.21,0
25-Feb-03,0,171.91,167.31,0
24-Feb-03,0,172.59,170.24,0
21-Feb-03,0,169.24,164.74,0
20-Feb-03,0,170.74,162.89,0
19-Feb-03,0,167.49,162.74,0
18-Feb-03,0,165.04,162.79,0
14-Feb-03,0,163.84,161.49,0
13-Feb-03,0,162.74,160.44,0
12-Feb-03,0,165.14,157.74,0
11-Feb-03,0,163.24,160.24,0
10-Feb-03,0,167.74,161.44,0
07-Feb-03,0,168.54,161.44,0
06-Feb-03,0,162.14,158.34,0
05-Feb-03,0,157.24,153.39,0
04-Feb-03,0,153.94,149.64,0
03-Feb-03,0,150.19,148.74,0
31-Jan-03,0,151.74,150.24,0
30-Jan-03,0,151.74,149.89,0
29-Jan-03,0,150.74,146.74,0
28-Jan-03,0,147.24,146.04,0
27-Jan-03,0,149.11,145.91,0
24-Jan-03,0,148.31,143.86,0
23-Jan-03,0,146.26,142.51,0
22-Jan-03,0,144.41,141.66,0
21-Jan-03,0,143.61,140.76,0
17-Jan-03,0,143.11,140.41,0
16-Jan-03,0,144.91,142.11,0
15-Jan-03,0,144.61,141.71,0
14-Jan-03,0,143.31,141.26,0
13-Jan-03,0,141.81,138.91,0
10-Jan-03,0,141.31,138.81,0
09-Jan-03,0,140.81,136.51,0
08-Jan-03,0,136.51,134.21,0
07-Jan-03,0,141.31,136.81,0
06-Jan-03,0,144.21,141.41,0
03-Jan-03,0,145.01,142.01,0
02-Jan-03,0,142.01,139.96,0
31-Dec-02,0,140.01,137.11,0
30-Dec-02,0,145.51,139.71,0
27-Dec-02,0,143.81,142.41,0
26-Dec-02,0,144.21,142.41,0
24-Dec-02,0,142.62,141.22,0
23-Dec-02,0,142.22,138.92,0
20-Dec-02,0,138.82,137.22,0
19-Dec-02,0,140.07,137.62,0
18-Dec-02,0,139.02,135.57,0
17-Dec-02,0,137.42,135.72,0
16-Dec-02,0,137.82,134.67,0
13-Dec-02,0,134.37,132.12,0
12-Dec-02,0,131.72,129.27,0
11-Dec-02,0,130.12,128.52,0
10-Dec-02,0,129.62,126.72,0
09-Dec-02,0,128.12,127.42,0
06-Dec-02,0,128.72,126.52,0
05-Dec-02,0,128.42,126.82,0
04-Dec-02,0,129.72,126.42,0
03-Dec-02,0,130.62,128.67,0
02-Dec-02,0,129.92,127.92,0
27-Nov-02,0,128.82,127.82,0
26-Nov-02,0,127.67,126.02,0
25-Nov-02,0,128.72,126.32,0
22-Nov-02,0,128.52,126.82,0
21-Nov-02,0,127.29,125.79,0
20-Nov-02,0,126.79,124.49,0
19-Nov-02,0,125.79,123.74,0
18-Nov-02,0,124.39,121.49,0
15-Nov-02,0,121.24,119.29,0
14-Nov-02,0,119.79,118.39,0
13-Nov-02,0,121.09,118.29,0
12-Nov-02,0,121.79,120.69,0
11-Nov-02,0,122.14,120.49,0
08-Nov-02,0,122.29,120.74,0
07-Nov-02,0,124.09,121.49,0
06-Nov-02,0,124.24,122.09,0
05-Nov-02,0,124.89,123.74,0
04-Nov-02,0,126.74,125.14,0
01-Nov-02,0,127.19,126.04,0
31-Oct-02,0,127.09,126.09,0
30-Oct-02,0,126.49,124.49,0
29-Oct-02,0,125.99,124.19,0
28-Oct-02,0,126.59,124.34,0
25-Oct-02,0,129.13,125.38,0
24-Oct-02,0,129.23,128.23,0
23-Oct-02,0,129.18,127.83,0
22-Oct-02,0,129.43,127.53,0
21-Oct-02,0,131.93,128.93,0
18-Oct-02,0,133.73,132.63,0
17-Oct-02,0,133.83,131.73,0
16-Oct-02,0,133.83,132.43,0
15-Oct-02,0,134.18,132.33,0
14-Oct-02,0,134.13,131.63,0
11-Oct-02,0,132.18,131.53,0
10-Oct-02,0,131.53,130.13,0
09-Oct-02,0,133.13,131.83,0
08-Oct-02,0,132.13,130.63,0
07-Oct-02,0,132.93,131.33,0
04-Oct-02,0,132.73,131.53,0
03-Oct-02,0,133.23,131.78,0
02-Oct-02,0,135.28,133.63,0
01-Oct-02,0,135.88,134.23,0
30-Sep-02,0,134.93,133.53,0
27-Sep-02,0,135.03,133.53,0
26-Sep-02,0,134.73,132.93,0
25-Sep-02,0,134.83,133.73,0
24-Sep-02,0,134.63,133.48,0
23-Sep-02,0,134.33,132.73,0
20-Sep-02,0,133.48,131.73,0
19-Sep-02,0,132.73,131.33,0
18-Sep-02,0,132.43,131.43,0
17-Sep-02,0,130.73,128.93,0
16-Sep-02,0,131.93,131.08,0
13-Sep-02,0,132.13,130.73,0
12-Sep-02,0,132.03,129.48,0
11-Sep-02,0,132.53,131.63,0
10-Sep-02,0,133.48,132.18,0
09-Sep-02,0,132.43,130.63,0
06-Sep-02,0,132.93,131.13,0
05-Sep-02,0,130.63,129.03,0
04-Sep-02,0,128.73,126.83,0
03-Sep-02,0,129.03,125.73,0
30-Aug-02,0,129.93,129.08,0
29-Aug-02,0,129.93,128.18,0
28-Aug-02,0,129.08,128.03,0
27-Aug-02,0,130.43,128.83,0
26-Aug-02,0,130.17,128.32,0
23-Aug-02,0,129.12,128.32,0
22-Aug-02,0,129.72,129.02,0
21-Aug-02,0,130.72,127.92,0
20-Aug-02,0,128.72,127.37,0
19-Aug-02,0,129.02,127.12,0
16-Aug-02,0,128.12,126.77,0
15-Aug-02,0,127.42,124.37,0
14-Aug-02,0,125.22,124.22,0
13-Aug-02,0,124.22,123.32,0
12-Aug-02,0,124.22,120.72,0
09-Aug-02,0,122.32,121.37,0
08-Aug-02,0,122.02,120.42,0
07-Aug-02,0,122.32,120.47,0
06-Aug-02,0,122.42,121.52,0
05-Aug-02,0,121.82,120.72,0
02-Aug-02,0,122.52,120.12,0
01-Aug-02,0,123.72,121.57,0
31-Jul-02,0,125.22,122.82,0
30-Jul-02,0,124.72,122.97,0
29-Jul-02,0,122.42,121.77,0
26-Jul-02,0,122.82,121.72,0
25-Jul-02,0,122.86,121.91,0
24-Jul-02,0,123.11,120.61,0
23-Jul-02,0,123.11,120.91,0
22-Jul-02,0,124.51,121.91,0
19-Jul-02,0,126.01,124.21,0
18-Jul-02,0,126.11,125.21,0
17-Jul-02,0,126.31,125.01,0
16-Jul-02,0,126.51,124.06,0
15-Jul-02,0,126.61,124.61,0
12-Jul-02,0,126.06,124.96,0
11-Jul-02,0,124.66,123.56,0
10-Jul-02,0,124.71,122.91,0
09-Jul-02,0,122.41,121.41,0
08-Jul-02,0,122.81,121.81,0
03-Jul-02,0,124.21,123.31,0
02-Jul-02,0,124.46,123.11,0
01-Jul-02,0,124.01,122.96,0
28-Jun-02,0,123.91,122.11,0
27-Jun-02,0,123.46,122.56,0
26-Jun-02,0,123.21,121.16,0
25-Jun-02,0,123.51,121.81,0
24-Jun-02,0,123.92,122.12,0
21-Jun-02,0,123.72,120.82,0
20-Jun-02,0,122.97,121.52,0
19-Jun-02,0,123.67,121.82,0
18-Jun-02,0,123.72,122.17,0
17-Jun-02,0,124.32,123.22,0
14-Jun-02,0,123.52,121.52,0
13-Jun-02,0,123.12,120.62,0
12-Jun-02,0,120.57,119.17,0
11-Jun-02,0,119.12,118.22,0
10-Jun-02,0,119.92,118.92,0
07-Jun-02,0,120.52,119.22,0
06-Jun-02,0,121.12,118.92,0
05-Jun-02,0,120.57,119.92,0
04-Jun-02,0,121.42,120.22,0
03-Jun-02,0,121.22,120.07,0
31-May-02,0,121.57,119.62,0
30-May-02,0,121.17,119.12,0
29-May-02,0,122.92,120.52,0
28-May-02,0,123.02,121.12,0
24-May-02,0,123.32,122.37,0
23-May-02,0,125.02,123.07,0
22-May-02,0,124.47,123.37,0
21-May-02,0,125.47,123.07,0
20-May-02,0,126.57,124.82,0
17-May-02,0,125.57,123.97,0
16-May-02,0,125.97,123.57,0
15-May-02,0,128.07,124.37,0
14-May-02,0,129.07,126.77,0
13-May-02,0,126.47,124.37,0
10-May-02,0,126.47,125.12,0
09-May-02,0,124.77,123.47,0
08-May-02,0,124.87,123.17,0
07-May-02,0,122.97,121.47,0
06-May-02,0,122.07,121.27,0
03-May-02,0,123.57,122.17,0
02-May-02,0,123.37,121.57,0
01-May-02,0,125.27,124.02,0
30-Apr-02,0,126.57,125.27,0
29-Apr-02,0,126.62,124.67,0
26-Apr-02,0,125.22,123.87,0
25-Apr-02,0,125.47,123.67,0
24-Apr-02,0,124.55,123.05,0
23-Apr-02,0,125.35,123.85,0
22-Apr-02,0,124.5,122.85,0
19-Apr-02,0,124.55,122.65,0
18-Apr-02,0,125.15,123.55,0
17-Apr-02,0,123.75,122.05,0
16-Apr-02,0,123.25,120.75,0
15-Apr-02,0,121.75,118.75,0
12-Apr-02,0,121.65,118.2,0
11-Apr-02,0,124.75,122.85,0
10-Apr-02,0,126.65,125.05,0
09-Apr-02,0,127.55,125.55,0
08-Apr-02,0,129.15,127.35,0
05-Apr-02,0,127.6,123.85,0
04-Apr-02,0,131.75,126.75,0
03-Apr-02,0,129.25,128.05,0
02-Apr-02,0,130.05,127.05,0
01-Apr-02,0,127.75,126.45,0
28-Mar-02,0,125.95,123.85,0
27-Mar-02,0,125.45,124.35,0
26-Mar-02,0,124.35,122.25,0
25-Mar-02,0,123.15,121.95,0
22-Mar-02,0,125.28,122.83,0
21-Mar-02,0,125.08,122.58,0
20-Mar-02,0,126.43,123.58,0
19-Mar-02,0,124.53,123.38,0
18-Mar-02,0,124.78,122.18,0
15-Mar-02,0,123.68,122.28,0
14-Mar-02,0,123.68,121.43,0
13-Mar-02,0,123.28,121.38,0
12-Mar-02,0,121.58,120.18,0
11-Mar-02,0,121.88,120.33,0
08-Mar-02,0,120.28,118.68,0
07-Mar-02,0,122.28,118.63,0
06-Mar-02,0,118.38,116.88,0
05-Mar-02,0,118.23,116.93,0
04-Mar-02,0,116.98,115.68,0
01-Mar-02,0,117.43,115.58,0
28-Feb-02,0,115.18,113.18,0
27-Feb-02,0,114.73,112.98,0
26-Feb-02,0,113.53,110.78,0
25-Feb-02,0,112.28,110.38,0
22-Feb-02,0,112.97,111.82,0
21-Feb-02,0,113.67,111.07,0
20-Feb-02,0,111.47,110.47,0
19-Feb-02,0,112.97,111.87,0
15-Feb-02,0,113.57,112.37,0
14-Feb-02,0,113.72,112.67,0
13-Feb-02,0,114.27,111.47,0
12-Feb-02,0,114.17,111.92,0
11-Feb-02,0,114.57,110.32,0
08-Feb-02,0,111.27,109.57,0
07-Feb-02,0,109.87,108.57,0
06-Feb-02,0,112.07,110.17,0
05-Feb-02,0,111.52,110.47,0
04-Feb-02,0,112.67,111.17,0
01-Feb-02,0,113.27,109.87,0
31-Jan-02,0,110.97,108.77,0
30-Jan-02,0,109.07,107.67,0
29-Jan-02,0,110.47,109.57,0
28-Jan-02,0,111.77,110.37,0
25-Jan-02,0,111.94,109.54,0
24-Jan-02,0,111.69,109.94,0
23-Jan-02,0,111.14,110.19,0
22-Jan-02,0,109.94,108.69,0
18-Jan-02,0,110.84,109.19,0
17-Jan-02,0,111.74,108.74,0
16-Jan-02,0,111.44,109.04,0
15-Jan-02,0,111.34,109.84,0
14-Jan-02,0,111.34,108.84,0
11-Jan-02,0,113.34,111.54,0
10-Jan-02,0,113.44,111.74,0
09-Jan-02,0,113.54,111.54,0
08-Jan-02,0,115.14,114.04,0
07-Jan-02,0,116.84,114.54,0
04-Jan-02,0,116.69,114.69,0
03-Jan-02,0,115.74,113.79,0
02-Jan-02,0,115.94,113.54,0
31-Dec-01,0,115.29,113.14,0
28-Dec-01,0,117.54,114.84,0
27-Dec-01,0,116.94,116.04,0
26-Dec-01,0,117.94,113.94,0
21-Dec-01,0,115.1,113.7,0
20-Dec-01,0,116.8,113.5,0
19-Dec-01,0,116.35,115.1,0
18-Dec-01,0,114.85,113,0
17-Dec-01,0,114.25,112.7,0
14-Dec-01,0,113.8,111.5,0
13-Dec-01,0,110.7,108.7,0
12-Dec-01,0,111.05,109.4,0
11-Dec-01,0,109.8,108.7,0
10-Dec-01,0,111.1,109.2,0
07-Dec-01,0,111,108.4,0
06-Dec-01,0,112.3,109.2,0
05-Dec-01,0,114.6,111.9,0
04-Dec-01,0,115.4,113.2,0
03-Dec-01,0,116,113.4,0
30-Nov-01,0,114,111.5,0
29-Nov-01,0,113.5,112,0
28-Nov-01,0,114.1,112.4,0
27-Nov-01,0,115,112.4,0
26-Nov-01,0,113.48,112.33,0
21-Nov-01,0,115.13,113.53,0
20-Nov-01,0,115.13,113.73,0
19-Nov-01,0,113.23,110.03,0
16-Nov-01,0,113.28,111.13,0
15-Nov-01,0,115.93,111.13,0
14-Nov-01,0,118.13,116.33,0
13-Nov-01,0,122.13,120.83,0
12-Nov-01,0,121.93,119.13,0
09-Nov-01,0,124.13,121.73,0
08-Nov-01,0,121.63,118.83,0
07-Nov-01,0,118.33,117.33,0
06-Nov-01,0,118.03,116.83,0
05-Nov-01,0,119.43,117.63,0
02-Nov-01,0,119.03,117.98,0
01-Nov-01,0,121.73,119.03,0
31-Oct-01,0,122.68,120.33,0
30-Oct-01,0,123.98,123.03,0
29-Oct-01,0,124.73,123.53,0
26-Oct-01,0,124.23,123.28,0
25-Oct-01,0,125.34,123.49,0
24-Oct-01,0,124.64,122.14,0
23-Oct-01,0,124.09,122.39,0
22-Oct-01,0,123.89,122.19,0
19-Oct-01,0,124.29,121.64,0
18-Oct-01,0,122.79,120.99,0
17-Oct-01,0,123.09,121.79,0
16-Oct-01,0,124.29,122.89,0
15-Oct-01,0,124.84,123.39,0
12-Oct-01,0,128.29,123.64,0
11-Oct-01,0,127.79,124.99,0
10-Oct-01,0,125.54,124.74,0
09-Oct-01,0,125.39,124.49,0
08-Oct-01,0,125.69,123.94,0
05-Oct-01,0,126.89,124.19,0
04-Oct-01,0,126.29,124.39,0
03-Oct-01,0,125.09,122.99,0
02-Oct-01,0,126.59,124.99,0
01-Oct-01,0,126.84,124.89,0
28-Sep-01,0,128.19,126.89,0
27-Sep-01,0,127.29,125.49,0
26-Sep-01,0,126.89,120.99,0
25-Sep-01,0,125.89,122.09,0
24-Sep-01,0,131.08,124.83,0
21-Sep-01,0,137.93,135.23,0
20-Sep-01,0,138.33,136.23,0
19-Sep-01,0,139.83,135.33,0
18-Sep-01,0,144.53,138.63,0
17-Sep-01,0,147.33,144.83,0
14-Sep-01,0,150.58,144.39,0
10-Sep-01,0,145.63,144.33,0
07-Sep-01,0,145.33,143.13,0
06-Sep-01,0,143.43,142.23,0
05-Sep-01,0,142.13,140.13,0
04-Sep-01,0,141.83,140.43,0
31-Aug-01,0,142.83,140.68,0
30-Aug-01,0,141.93,140.43,0
29-Aug-01,0,143.73,141.33,0
28-Aug-01,0,143.63,140.13,0
27-Aug-01,0,141.52,140.07,0
24-Aug-01,0,142.27,139.12,0
23-Aug-01,0,139.32,138.12,0
22-Aug-01,0,139.62,137.92,0
21-Aug-01,0,138.72,136.82,0
20-Aug-01,0,137.02,135.52,0
17-Aug-01,0,139.52,135.82,0
16-Aug-01,0,140.12,139.02,0
15-Aug-01,0,141.32,139.22,0
14-Aug-01,0,140.72,139.42,0
13-Aug-01,0,140.72,139.32,0
10-Aug-01,0,140.82,139.37,0
09-Aug-01,0,139.57,138.17,0
08-Aug-01,0,139.82,138.12,0
07-Aug-01,0,139.92,138.77,0
06-Aug-01,0,138.72,137.72,0
03-Aug-01,0,139.02,137.92,0
02-Aug-01,0,139.42,137.52,0
01-Aug-01,0,136.52,135.12,0
31-Jul-01,0,137.02,135.52,0
30-Jul-01,0,137.57,136.52,0
27-Jul-01,0,138.32,136.62,0
26-Jul-01,0,138.52,136.52,0
25-Jul-01,0,137.05,134.45,0
24-Jul-01,0,135.15,133.8,0
23-Jul-01,0,135.25,134.05,0
20-Jul-01,0,135.25,133.05,0
19-Jul-01,0,134.35,132.35,0
18-Jul-01,0,133.7,132.75,0
17-Jul-01,0,135.45,134.25,0
16-Jul-01,0,135.05,133.6,0
13-Jul-01,0,136.65,133.75,0
12-Jul-01,0,136.6,134.9,0
11-Jul-01,0,137.75,136.25,0
10-Jul-01,0,139,137.35,0
09-Jul-01,0,140.05,138.35,0
06-Jul-01,0,140.1,137.55,0
05-Jul-01,0,138.35,136.25,0
03-Jul-01,0,137.65,136.25,0
02-Jul-01,0,138.9,136.05,0
29-Jun-01,0,139.55,136.85,0
28-Jun-01,0,137,136.05,0
27-Jun-01,0,138.25,135.65,0
26-Jun-01,0,140.4,138.95,0
25-Jun-01,0,140.26,139.36,0
22-Jun-01,0,141.66,138.86,0
21-Jun-01,0,141.46,139.66,0
20-Jun-01,0,143.26,139.86,0
19-Jun-01,0,144.71,142.81,0
18-Jun-01,0,145.96,142.86,0
15-Jun-01,0,148.96,146.36,0
14-Jun-01,0,149.56,146.21,0
13-Jun-01,0,147.16,146.01,0
12-Jun-01,0,146.86,144.06,0
11-Jun-01,0,145.86,144.16,0
08-Jun-01,0,142.96,142.36,0
07-Jun-01,0,142.96,141.86,0
06-Jun-01,0,143.56,141.06,0
05-Jun-01,0,143.11,141.91,0
04-Jun-01,0,144.46,141.86,0
01-Jun-01,0,143.26,141.66,0
31-May-01,0,143.71,141.16,0
30-May-01,0,144.66,143.46,0
29-May-01,0,145.96,143.76,0
25-May-01,0,145.46,144.26,0
24-May-01,0,147.25,144.25,0
23-May-01,0,147.85,146.05,0
22-May-01,0,147.1,145.85,0
21-May-01,0,147.25,146,0
18-May-01,0,147.15,144.65,0
17-May-01,0,144.6,142.35,0
16-May-01,0,143.55,141.65,0
15-May-01,0,142.65,140.75,0
14-May-01,0,142.55,139.75,0
11-May-01,0,142.75,141.45,0
10-May-01,0,143.4,142.05,0
09-May-01,0,142.75,140.05,0
08-May-01,0,141.55,140.05,0
07-May-01,0,142.55,140.15,0
04-May-01,0,143.15,141.85,0
03-May-01,0,143.1,138.75,0
02-May-01,0,141.25,139.75,0
01-May-01,0,142.65,140.45,0
30-Apr-01,0,143.15,140.05,0
27-Apr-01,0,143.05,141.4,0
26-Apr-01,0,143.45,141.6,0
25-Apr-01,0,141.15,139.45,0
24-Apr-01,0,141.81,139.51,0
23-Apr-01,0,143.21,140.81,0
20-Apr-01,0,144.31,142.51,0
19-Apr-01,0,144.61,142.81,0
18-Apr-01,0,144.61,142.21,0
17-Apr-01,0,147.31,145.81,0
16-Apr-01,0,148.31,144.11,0
12-Apr-01,0,147.31,143.61,0
11-Apr-01,0,146.01,144.01,0
10-Apr-01,0,145.31,141.11,0
09-Apr-01,0,140.21,139.11,0
06-Apr-01,0,139.81,138.21,0
05-Apr-01,0,140.31,137.81,0
04-Apr-01,0,139.11,136.36,0
03-Apr-01,0,135.51,133.21,0
02-Apr-01,0,136.61,133.16,0
30-Mar-01,0,137.26,135.81,0
29-Mar-01,0,136.51,134.51,0
28-Mar-01,0,139.71,135.31,0
27-Mar-01,0,139.81,137.61,0
26-Mar-01,0,139.16,137.06,0
23-Mar-01,0,139.41,134.71,0
22-Mar-01,0,135.61,133.41,0
21-Mar-01,0,133.91,131.11,0
20-Mar-01,0,131.51,129.76,0
19-Mar-01,0,131.71,129.61,0
16-Mar-01,0,134.11,131.91,0
15-Mar-01,0,132.81,131.71,0
14-Mar-01,0,135.91,131.91,0
13-Mar-01,0,135.06,134.31,0
12-Mar-01,0,135.66,134.16,0
09-Mar-01,0,135.91,134.51,0
08-Mar-01,0,136.81,135.06,0
07-Mar-01,0,136.31,134.56,0
06-Mar-01,0,135.76,134.66,0
05-Mar-01,0,137.21,135.81,0
02-Mar-01,0,135.31,134.01,0
01-Mar-01,0,133.86,132.41,0
28-Feb-01,0,134.71,132.71,0
27-Feb-01,0,135.06,133.41,0
26-Feb-01,0,135.31,133.66,0
23-Feb-01,0,135.71,133.16,0
22-Feb-01,0,135.74,134.09,0
21-Feb-01,0,136.24,134.34,0
20-Feb-01,0,138.04,135.24,0
16-Feb-01,0,137.94,136.64,0
15-Feb-01,0,137.84,136.34,0
14-Feb-01,0,140.74,137.84,0
13-Feb-01,0,140.84,139.24,0
12-Feb-01,0,142.74,140.74,0
09-Feb-01,0,144.64,142.94,0
08-Feb-01,0,145.59,143.94,0
07-Feb-01,0,144.04,140.44,0
06-Feb-01,0,143.64,141.59,0
05-Feb-01,0,142.54,140.89,0
02-Feb-01,0,143.09,139.24,0
01-Feb-01,0,138.84,135.59,0
31-Jan-01,0,138.54,136.44,0
30-Jan-01,0,139.64,137.94,0
29-Jan-01,0,142.84,139.34,0
26-Jan-01,0,142.84,141.14,0
25-Jan-01,0,142.33,140.53,0
24-Jan-01,0,143.73,140.23,0
23-Jan-01,0,146.33,144.08,0
22-Jan-01,0,148.38,144.98,0
19-Jan-01,0,146.93,142.08,0
18-Jan-01,0,143.13,140.23,0
17-Jan-01,0,141.78,138.23,0
16-Jan-01,0,144.03,141.83,0
12-Jan-01,0,143.63,141.88,0
11-Jan-01,0,144.23,141.43,0
10-Jan-01,0,144.73,140.23,0
09-Jan-01,0,141.98,138.93,0
08-Jan-01,0,145.43,141.13,0
05-Jan-01,0,146.83,144.23,0
04-Jan-01,0,146.03,142.68,0
03-Jan-01,0,145.13,142.63,0
02-Jan-01,0,147.73,143.73,0
