Date,Open,High,Low,Close,Volume,Adj. Close*
11-Apr-03,3030.46,3048.07,2962.97,2997.87,0,2997.87
10-Apr-03,3137.24,3137.24,3021.74,3035.33,0,3035.33
9-Apr-03,3160.74,3164.6,3126.83,3141.25,0,3141.25
8-Apr-03,3205.92,3209.42,3172.68,3174.86,0,3174.86
7-Apr-03,3181.94,3221.9,3180.87,3215.24,0,3215.24
4-Apr-03,3151.16,3169.2,3130.8,3167.7,0,3167.7
3-Apr-03,3130.84,3155.12,3119.8,3151.16,0,3151.16
2-Apr-03,3083.94,3120.31,3079.62,3116.99,0,3116.99
1-Apr-03,3037.54,3089.6,3037.54,3080.95,0,3080.95
31-Mar-03,3106.93,3106.93,3039.83,3048.72,0,3048.72
28-Mar-03,3115.37,3130.33,3099,3115.44,0,3115.44
27-Mar-03,3138.89,3146.29,3115.06,3116.79,0,3116.79
26-Mar-03,3148.07,3165.37,3140,3143.58,0,3143.58
25-Mar-03,3122.7,3143.02,3102.65,3140.42,0,3140.42
24-Mar-03,3216.07,3216.07,3137.56,3140.36,0,3140.36
21-Mar-03,3195.66,3209.46,3179.79,3200.15,0,3200.15
20-Mar-03,3118.8,3197.66,3118.32,3192.93,0,3192.93
19-Mar-03,3103.87,3128.83,3103.87,3121.18,0,3121.18
17-Mar-03,3115.14,3115.14,3049.05,3084.91,0,3084.91
13-Mar-03,3113.35,3127.3,3086.43,3108.24,0,3108.24
12-Mar-03,3151.6,3158.98,3106.85,3110.08,0,3110.08
11-Mar-03,3117.49,3159.48,3100.14,3154.91,0,3154.91
10-Mar-03,3152.9,3161.97,3116.01,3125.88,0,3125.88
7-Mar-03,3182.16,3182.16,3142.89,3153.06,0,3153.06
6-Mar-03,3244.96,3244.96,3186.43,3190.35,0,3190.35
5-Mar-03,3233.43,3235.85,3190.06,3226.1,0,3226.1
4-Mar-03,3271.06,3272.19,3240.16,3244.8,0,3244.8
3-Mar-03,3301.67,3311.57,3274.64,3277.27,0,3277.27
28-Feb-03,3294.6,3316.74,3269.8,3283.66,0,3283.66
27-Feb-03,3254.84,3283.29,3251.4,3277.34,0,3277.34
26-Feb-03,3291.07,3292.69,3259,3260.48,0,3260.48
25-Feb-03,3316.91,3316.91,3279,3281.92,0,3281.92
24-Feb-03,3318.25,3341.61,3318.25,3322.17,0,3322.17
21-Feb-03,3303.33,3313.6,3294.68,3307.2,0,3307.2
20-Feb-03,3301.81,3307.87,3284.58,3303.22,0,3303.22
19-Feb-03,3303.09,3317.8,3300.85,3302.04,0,3302.04
18-Feb-03,3284.04,3301.92,3284.04,3289.09,0,3289.09
17-Feb-03,3248.9,3287.01,3248.9,3282.45,0,3282.45
14-Feb-03,3250.65,3254.04,3218.37,3223.41,0,3223.41
12-Feb-03,3263.56,3263.75,3236.33,3247.51,0,3247.51
11-Feb-03,3269.85,3278.79,3249.63,3261.47,0,3261.47
10-Feb-03,3281.37,3281.42,3252.49,3256.86,0,3256.86
7-Feb-03,3309.46,3309.96,3277.33,3279.77,0,3279.77
6-Feb-03,3256.92,3311.18,3256.63,3305.44,0,3305.44
5-Feb-03,3268.61,3277.09,3239.02,3256.08,0,3256.08
4-Feb-03,3283.59,3295.25,3271.75,3278.13,0,3278.13
3-Feb-03,3265.08,3283.48,3250.55,3279.83,0,3279.83
31-Jan-03,3216.16,3257.48,3199.18,3250.38,0,3250.38
30-Jan-03,3246.54,3256.48,3217.37,3219.88,0,3219.88
29-Jan-03,3273.78,3275.74,3225.74,3238.02,0,3238.02
28-Jan-03,3247.09,3269.13,3209.51,3267.84,0,3267.84
27-Jan-03,3283.93,3286.46,3221.69,3247.71,0,3247.71
24-Jan-03,3332.02,3340.68,3281.93,3287.86,0,3287.86
23-Jan-03,3351.75,3360.37,3324.49,3328.18,0,3328.18
22-Jan-03,3364.11,3367.23,3345.62,3357.04,0,3357.04
21-Jan-03,3348.32,3356.82,3336.95,3354.14,0,3354.14
20-Jan-03,3364.53,3368.08,3338.09,3341.89,0,3341.89
17-Jan-03,3377.94,3382.53,3366.24,3370.39,0,3370.39
16-Jan-03,3358.47,3377.27,3352.55,3373.52,0,3373.52
15-Jan-03,3333.2,3359.98,3333.2,3357.69,0,3357.69
14-Jan-03,3334.94,3341.55,3321.49,3335.35,0,3335.35
13-Jan-03,3355.07,3356.93,3324.25,3327.16,0,3327.16
10-Jan-03,3416.92,3416.92,3342.12,3358.99,0,3358.99
9-Jan-03,3367.34,3388.19,3366.28,3384.2,0,3384.2
8-Jan-03,3339.89,3362.12,3338.94,3357.87,0,3357.87
7-Jan-03,3350.18,3352.43,3320.42,3330.5,0,3330.5
6-Jan-03,3364.72,3364.72,3330.03,3334.89,0,3334.89
3-Jan-03,3380.44,3386.97,3351.89,3357.54,0,3357.54
2-Jan-03,3399.72,3407.24,3363.11,3365.06,0,3365.06
31-Dec-02,3376.48,3398.11,3374.73,3377.28,0,3377.28
30-Dec-02,3389.12,3389.12,3359.76,3374.97,0,3374.97
27-Dec-02,3393.58,3413.83,3393.58,3398,0,3398
26-Dec-02,3360.86,3399.37,3360.41,3382.64,0,3382.64
24-Dec-02,3328.66,3359.39,3318.02,3352.77,0,3352.77
23-Dec-02,3346.56,3351.01,3321.5,3329.61,0,3329.61
20-Dec-02,3339.46,3356,3329.1,3337.22,0,3337.22
19-Dec-02,3332.72,3345.67,3313.45,3333.86,0,3333.86
18-Dec-02,3321.12,3348.57,3319.25,3333.31,0,3333.31
17-Dec-02,3338.88,3347.92,3301.78,3311.06,0,3311.06
16-Dec-02,3360.2,3371.16,3324.4,3328.39,0,3328.39
13-Dec-02,3335.28,3349.49,3329.21,3342.97,0,3342.97
12-Dec-02,3309.2,3331.27,3299.48,3324.48,0,3324.48
11-Dec-02,3298.94,3324.23,3287.28,3303.27,0,3303.27
10-Dec-02,3256.63,3294.69,3241.4,3289.68,0,3289.68
9-Dec-02,3320.87,3349.36,3264.76,3269.31,0,3269.31
6-Dec-02,3235.68,3309.8,3235.68,3306.29,0,3306.29
5-Dec-02,3186.62,3250.25,3186.62,3229.73,0,3229.73
4-Dec-02,3243.86,3243.86,3189.14,3207.36,0,3207.36
3-Dec-02,3276.7,3292.26,3223.03,3230.14,0,3230.14
2-Dec-02,3247.6,3277.37,3238.89,3270.36,0,3270.36
29-Nov-02,3224.98,3245.38,3195.6,3228.82,0,3228.82
28-Nov-02,3192.12,3229.75,3192.12,3220.75,0,3220.75
27-Nov-02,3193.13,3206.63,3158,3174.11,0,3174.11
26-Nov-02,3190.67,3210.68,3181.25,3187.76,0,3187.76
25-Nov-02,3146.93,3183.29,3140.31,3175.56,0,3175.56
22-Nov-02,3131.75,3162.66,3130.75,3141.61,0,3141.61
21-Nov-02,3089.51,3110.38,3089.51,3101.36,0,3101.36
20-Nov-02,3066.17,3084.03,3061.09,3075.48,0,3075.48
18-Nov-02,3046.9,3071.28,3041.34,3057.16,0,3057.16
15-Nov-02,2997.47,3037.61,2997.47,3033.91,0,3033.91
14-Nov-02,2963.82,2991.61,2963.82,2986.56,0,2986.56
13-Nov-02,2972.35,2977.67,2957.19,2960.66,0,2960.66
12-Nov-02,2941.54,2963.83,2935.97,2961.24,0,2961.24
11-Nov-02,2954.99,2959.12,2942.46,2948.04,0,2948.04
8-Nov-02,2965.19,2966.59,2950.71,2956.84,0,2956.84
7-Nov-02,2983.74,2993.61,2958.32,2975.26,0,2975.26
5-Nov-02,2993.58,2993.58,2967.19,2982.39,0,2982.39
4-Nov-02,2986.54,2994.8,2974.93,2987.58,0,2987.58
1-Nov-02,2956.94,2962.32,2928.63,2950.58,0,2950.58
31-Oct-02,2909.46,2955.49,2900.87,2949.32,0,2949.32
30-Oct-02,2898.02,2908.21,2884.21,2888.59,0,2888.59
29-Oct-02,2846.8,2891.03,2846.8,2885.23,0,2885.23
28-Oct-02,2876.32,2876.32,2828.48,2834.41,0,2834.41
25-Oct-02,2903.96,2906.84,2855.9,2875.53,0,2875.53
24-Oct-02,2944.28,2958.01,2906.2,2908.05,0,2908.05
23-Oct-02,2963.38,2969.46,2941.29,2948.96,0,2948.96
22-Oct-02,2996.44,2996.86,2963.02,2965.97,0,2965.97
21-Oct-02,3012.18,3018.99,2992.54,2998.01,0,2998.01
18-Oct-02,3027.9,3038.92,3002.12,3009.76,0,3009.76
17-Oct-02,2995.7,3010.7,2980.14,3006.14,0,3006.14
16-Oct-02,3024.99,3031.01,2991.92,2994.99,0,2994.99
14-Oct-02,2996.16,3013.39,2993.25,3003.39,0,3003.39
11-Oct-02,2990.99,3005.78,2989.06,2995.77,0,2995.77
10-Oct-02,2954.13,2972.62,2934.76,2969.49,0,2969.49
9-Oct-02,2982.01,2992.91,2953.13,2956.89,0,2956.89
8-Oct-02,2954.29,2978.91,2953.95,2973.35,0,2973.35
7-Oct-02,2939.18,2957.99,2927.47,2952.78,0,2952.78
4-Oct-02,2934.67,2942.16,2916.38,2930.51,0,2930.51
3-Oct-02,2963.61,2970.29,2921.69,2938.06,0,2938.06
1-Oct-02,2976.04,2987.48,2948.75,2959.66,0,2959.66
30-Sep-02,3029.56,3029.56,2988.43,2991.36,0,2991.36
27-Sep-02,3020.23,3039.43,3012.82,3037.26,0,3037.26
26-Sep-02,3011.42,3038.06,3011.42,3014.69,0,3014.69
25-Sep-02,2973.97,3023.65,2973.97,3021.08,0,3021.08
24-Sep-02,3005.92,3032.22,2993.01,3022.25,0,3022.25
23-Sep-02,3030.65,3035.93,3008.5,3021.28,0,3021.28
20-Sep-02,3010.14,3030.8,2993.78,3024.35,0,3024.35
19-Sep-02,3071.1,3071.1,3027.5,3040.3,0,3040.3
18-Sep-02,3084.02,3094.61,3062.43,3069.78,0,3069.78
17-Sep-02,3078.16,3107.89,3078.16,3103.9,0,3103.9
16-Sep-02,3107.89,3109.91,3072.43,3076.01,0,3076.01
13-Sep-02,3115.98,3127.29,3093.71,3098.94,0,3098.94
12-Sep-02,3125.55,3136.88,3120.45,3131.34,0,3131.34
11-Sep-02,3096.93,3130.41,3096.93,3125.66,0,3125.66
9-Sep-02,3121.9,3126.3,3081.63,3089.47,0,3089.47
6-Sep-02,3176.15,3177.49,3131.15,3141.11,0,3141.11
5-Sep-02,3185.32,3197.29,3166.22,3181.47,0,3181.47
4-Sep-02,3145.34,3180.6,3126.75,3173.35,0,3173.35
3-Sep-02,3190.2,3193.44,3150.1,3159.77,0,3159.77
2-Sep-02,3206.81,3227.62,3179.33,3187.26,0,3187.26
30-Aug-02,3110.98,3185.08,3109.97,3181.23,0,3181.23
29-Aug-02,3099.12,3117.53,3091.56,3114.16,0,3114.16
28-Aug-02,3093.66,3103.38,3078.13,3099.38,0,3099.38
27-Aug-02,3128.41,3142.52,3093.9,3097.85,0,3097.85
26-Aug-02,3119,3130.78,3110.93,3123.6,0,3123.6
23-Aug-02,3083,3120.69,3083,3119.18,0,3119.18
22-Aug-02,3094.18,3109.72,3077.89,3080.7,0,3080.7
21-Aug-02,3083.82,3109.91,3082.02,3084.38,0,3084.38
20-Aug-02,3071.13,3094.8,3067.92,3089.58,0,3089.58
19-Aug-02,3073.13,3079.99,3061.39,3064.04,0,3064.04
16-Aug-02,3031.24,3070.86,3031.24,3065.9,0,3065.9
14-Aug-02,3032.99,3037.37,3013.16,3020.7,0,3020.7
13-Aug-02,3009.48,3066.7,3009.48,3036.4,0,3036.4
12-Aug-02,2972.59,3014.3,2972.59,3007.85,0,3007.85
9-Aug-02,2974.68,2982.51,2931.78,2976.34,0,2976.34
8-Aug-02,3014.68,3019.49,2945.5,2950.09,0,2950.09
7-Aug-02,3042.28,3055.22,3004.12,3009.48,0,3009.48
6-Aug-02,2997.96,3026.98,2981.51,3023.26,0,3023.26
5-Aug-02,2996.89,3018.71,2980.49,3011.35,0,3011.35
2-Aug-02,2960.48,2992.19,2933.39,2985.01,0,2985.01
1-Aug-02,2998.46,3018.52,2965.97,2975.81,0,2975.81
31-Jul-02,2981.05,2998.34,2932.35,2987.65,0,2987.65
30-Jul-02,3043.23,3080.7,2983.1,2990.91,0,2990.91
29-Jul-02,3039.56,3039.56,2955.1,3030.06,0,3030.06
26-Jul-02,3079.33,3084.34,3011.89,3024.35,0,3024.35
25-Jul-02,3149.18,3169.96,3091.33,3094.96,0,3094.96
24-Jul-02,3163.45,3167.6,3105.2,3107.48,0,3107.48
23-Jul-02,3142.48,3179.08,3135.39,3176.93,0,3176.93
22-Jul-02,3212.83,3212.83,3147.37,3153.34,0,3153.34
19-Jul-02,3239.66,3250.59,3227.27,3230.27,0,3230.27
18-Jul-02,3224.23,3253.4,3215.33,3245.74,0,3245.74
17-Jul-02,3232.39,3236.68,3192.67,3216.07,0,3216.07
16-Jul-02,3279.5,3286.94,3224.35,3229.18,0,3229.18
15-Jul-02,3302.64,3305.85,3258.72,3278.71,0,3278.71
12-Jul-02,3296.3,3318.33,3293.66,3305.83,0,3305.83
11-Jul-02,3332.15,3332.15,3287.91,3290.56,0,3290.56
10-Jul-02,3359.47,3366.74,3328.2,3332.36,0,3332.36
9-Jul-02,3356.85,3361.92,3343.1,3358.58,0,3358.58
8-Jul-02,3336.14,3366.72,3332.12,3357.66,0,3357.66
5-Jul-02,3322.14,3334.87,3309.61,3330.61,0,3330.61
4-Jul-02,3322.31,3337.69,3313.74,3316.77,0,3316.77
3-Jul-02,3283.03,3314.23,3279.83,3310.19,0,3310.19
2-Jul-02,3276.21,3296.87,3274.03,3285.04,0,3285.04
1-Jul-02,3246.44,3293.21,3246.44,3288.71,0,3288.71
28-Jun-02,3231.24,3252.65,3222.09,3244.7,0,3244.7
27-Jun-02,3199.03,3221.6,3189.96,3217.15,0,3217.15
26-Jun-02,3214.34,3214.34,3180.89,3180.89,0,3180.89
25-Jun-02,3226.21,3244.33,3193.68,3214.34,0,3214.34
24-Jun-02,3238.37,3238.37,3210.95,3231.62,0,3231.62
21-Jun-02,3268.1,3268.1,3232.66,3242.75,0,3242.75
20-Jun-02,3223.47,3276.06,3223.47,3264.02,0,3264.02
19-Jun-02,3284.32,3306.11,3222.23,3242.26,0,3242.26
18-Jun-02,3337.32,3361.73,3282.32,3284.54,0,3284.54
17-Jun-02,3350.03,3350.44,3318.7,3323.5,0,3323.5
14-Jun-02,3312.05,3321.92,3295.64,3312.07,0,3312.07
13-Jun-02,3358.97,3369.63,3307.16,3311.16,0,3311.16
12-Jun-02,3359.27,3377.88,3337.39,3344.41,0,3344.41
11-Jun-02,3339.96,3368.56,3323.37,3362.42,0,3362.42
10-Jun-02,3231.09,3283.25,3231.09,3279.49,0,3279.49
7-Jun-02,3246.97,3246.97,3205.51,3217.76,0,3217.76
6-Jun-02,3277.35,3282.35,3229.38,3259.31,0,3259.31
5-Jun-02,3200.71,3269.24,3200.71,3255.52,0,3255.52
4-Jun-02,3161.43,3195.56,3161.43,3191.6,0,3191.6
3-Jun-02,3162.27,3185.57,3148.57,3161.09,0,3161.09
31-May-02,3136.41,3140.03,3097.73,3125.73,0,3125.73
30-May-02,3161.91,3192.5,3131.63,3135.89,0,3135.89
29-May-02,3155.67,3179.85,3108,3160.24,0,3160.24
28-May-02,3231.82,3231.82,3140.38,3146.83,0,3146.83
27-May-02,3264.19,3264.19,3200.94,3243.41,0,3243.41
24-May-02,3153.03,3261.9,3153.03,3255.62,0,3255.62
23-May-02,3193.64,3193.64,3106.56,3114.05,0,3114.05
22-May-02,3187.54,3198.81,3144.18,3175.49,0,3175.49
21-May-02,3266.16,3266.16,3127.87,3186.53,0,3186.53
20-May-02,3343.66,3361.77,3274.62,3282.81,0,3282.81
17-May-02,3357.29,3373.4,3310.86,3333.76,0,3333.76
16-May-02,3399.14,3405.29,3342.34,3355.61,0,3355.61
15-May-02,3422.07,3435.68,3382.11,3395.59,0,3395.59
14-May-02,3450.58,3458.58,3412,3420.33,0,3420.33
13-May-02,3436.87,3446.51,3429.88,3442.49,0,3442.49
10-May-02,3454.85,3456.78,3414.37,3431.32,0,3431.32
9-May-02,3458.31,3478.02,3448.37,3462.01,0,3462.01
8-May-02,3434.24,3453.75,3432.54,3435.06,0,3435.06
7-May-02,3378.22,3425.5,3372.24,3423.75,0,3423.75
6-May-02,3386.01,3394.89,3375.7,3384.35,0,3384.35
3-May-02,3372.75,3385.22,3364.85,3380.61,0,3380.61
2-May-02,3361.33,3383.93,3357.76,3372.56,0,3372.56
30-Apr-02,3303.1,3340.36,3303.1,3338.16,0,3338.16
29-Apr-02,3372.94,3372.94,3296.88,3301.21,0,3301.21
26-Apr-02,3364.18,3383.71,3362.83,3371.7,0,3371.7
25-Apr-02,3420.62,3421.88,3350.94,3359.64,0,3359.64
24-Apr-02,3408.84,3420.97,3401.55,3411.92,0,3411.92
23-Apr-02,3387.7,3412.16,3383.11,3403.82,0,3403.82
22-Apr-02,3364.18,3396.52,3332.74,3390.25,0,3390.25
19-Apr-02,3420.04,3430.37,3359.24,3364.4,0,3364.4
18-Apr-02,3425.71,3439.47,3408.04,3420.94,0,3420.94
17-Apr-02,3444.09,3458.79,3412.71,3421.82,0,3421.82
16-Apr-02,3459.08,3459.08,3411.73,3413.72,0,3413.72
15-Apr-02,3514.01,3533.02,3454.98,3461.51,0,3461.51
12-Apr-02,3496.39,3521.42,3488.62,3510.9,0,3510.9
11-Apr-02,3482.44,3512.28,3482.44,3497.67,0,3497.67
