"   ""Date""","   ""Open""","   ""High""","    ""Low""","  ""Close""","    ""Vol""",OpenInt," ""TotVol""","  ""TotOI"""
11-Aug-00,1470,1484.5,1461,1478.5,44053,389243,0,0
10-Aug-00,1482,1483,1468,1474.3,44053,389243,0,0
9-Aug-00,1497.5,1498,1480,1481,53452,386984,0,0
8-Aug-00,1482.5,1494,1481.5,1491.7,48346,385401,0,0
7-Aug-00,1473.5,1490.5,1470.5,1486.2,41009,387863,0,0
4-Aug-00,1467.5,1473.5,1461,1471.7,52102,388602,0,0
3-Aug-00,1437,1465,1433,1461.5,63825,389959,0,0
2-Aug-00,1447,1461,1443.1,1452.5,57215,386394,0,0
1-Aug-00,1442,1454.5,1439,1447.5,57272,384887,0,0
31-Jul-00,1438,1449,1429.8,1438.9,61412,386719,0,0
28-Jul-00,1464,1467.5,1424,1432,69008,385520,0,0
27-Jul-00,1465.5,1475.5,1456,1463.7,61387,387325,0,0
26-Jul-00,1480.2,1481,1466,1469,70612,385521,0,0
25-Jul-00,1484.5,1488,1477.5,1484.5,46620,387456,0,0
24-Jul-00,1493,1499,1476.4,1481.4,52621,384959,0,0
21-Jul-00,1507,1507.5,1488.5,1489.5,48442,385224,0,0
20-Jul-00,1501,1516.9,1499.5,1516.2,58273,385170,0,0
19-Jul-00,1506.5,1510,1493.5,1500.3,53478,379781,0,0
18-Jul-00,1518,1519,1506,1511.5,53758,377681,0,0
17-Jul-00,1521.1,1533,1519.5,1522,46403,376544,0,0
14-Jul-00,1515,1525.5,1510,1524,42618,378678,0,0
13-Jul-00,1510.5,1516.5,1505.5,1509.5,46035,378224,0,0
12-Jul-00,1506,1514.5,1500.5,1505.7,46327,375683,0,0
11-Jul-00,1488,1505.5,1486.3,1494.7,58705,375095,0,0
10-Jul-00,1490.5,1502.7,1490,1491.5,42076,373904,0,0
7-Jul-00,1479,1502,1476.5,1494.7,53785,376498,0,0
6-Jul-00,1464.5,1478.5,1456.6,1473.7,56778,375094,0,0
5-Jul-00,1480,1481.5,1458.5,1463.3,52137,373139,0,0
3-Jul-00,1470.5,1491,1468,1490.5,21812,374151,0,0
30-Jun-00,1455,1471.5,1455,1468.1,51759,373206,0,0
29-Jun-00,1463,1473.9,1452,1458,64354,373388,0,0
28-Jun-00,1473.9,1486.5,1470.5,1471.2,48903,376110,0,0
27-Jun-00,1475.5,1484,1469.8,1471,43828,376244,0,0
26-Jun-00,1470,1480,1466.6,1479,44255,373598,0,0
23-Jun-00,1476.3,1478.8,1457.5,1463.5,47701,376463,0,0
22-Jun-00,1495.5,1495.5,1468.5,1476.3,59679,376631,0,0
21-Jun-00,1491,1503.5,1488.5,1498.6,46837,374972,0,0
20-Jun-00,1504,1509,1490.5,1499,54480,373547,0,0
19-Jun-00,1486,1512.4,1483,1504.5,52447,377731,0,0
16-Jun-00,1500.5,1503,1481,1488,51609,373963,0,0
15-Jun-00,1498,1506,1486.5,1497.5,128054,461971,0,0
14-Jun-00,1499,1507,1490.5,1498,161475,457720,0,0
13-Jun-00,1468,1496,1466,1494.5,203930,448830,0,0
12-Jun-00,1487.5,1488.5,1468.5,1469,183426,441102,0,0
9-Jun-00,1496.5,1497.8,1477.5,1484.5,160800,431623,0,0
8-Jun-00,1497,1498,1480.2,1489,189145,428091,0,0
7-Jun-00,1462.5,1477.5,1457.5,1472,155841,422858,0,0
6-Jun-00,1466,1475.5,1457.5,1463,122214,408788,0,0
5-Jun-00,1473.5,1480.5,1468,1470.5,111793,406408,0,0
2-Jun-00,1487,1489,1474,1476,96956,404744,0,0
1-Jun-00,1435,1453.5,1428.5,1451.5,98979,397628,0,0
31-May-00,1421.5,1439,1420,1422.2,93435,398302,0,0
30-May-00,1395,1429.5,1394,1427.2,83457,393997,0,0
26-May-00,1389,1396.5,1373.5,1381.3,61220,395634,0,0
25-May-00,1406,1418,1377.5,1389,87348,393971,0,0
24-May-00,1384,1407.9,1365.5,1401.7,115427,390859,0,0
23-May-00,1403.5,1409.5,1379,1382.6,82065,385695,0,0
22-May-00,1417,1417,1372.5,1403.8,100980,384698,0,0
19-May-00,1430,1434,1407,1415,68677,381560,0,0
18-May-00,1456,1465.3,1441.5,1442,62499,380622,0,0
17-May-00,1459,1463.5,1448,1456.7,66362,378530,0,0
16-May-00,1469,1479,1457.5,1471.7,75933,378636,0,0
15-May-00,1430,1459.5,1424,1457.7,56079,380396,0,0
12-May-00,1420,1439,1418,1430.7,59609,380635,0,0
11-May-00,1405,1419,1396,1415,65507,381057,0,0
10-May-00,1409.1,1413.5,1382.5,1387.8,88189,379870,0,0
9-May-00,1439,1439.5,1409.3,1419.8,72639,377241,0,0
8-May-00,1429,1439,1425,1430,51705,378579,0,0
5-May-00,1408.5,1446,1408,1439,61198,378892,0,0
4-May-00,1426,1428.5,1413,1423.2,63413,379225,0,0
3-May-00,1447,1447,1404.5,1422.5,83400,381243,0,0
2-May-00,1466,1478,1449,1450.5,66473,379878,0,0
1-May-00,1468,1492,1465.5,1476.9,64029,381372,0,0
28-Apr-00,1485,1486,1458.1,1460,55686,381983,0,0
27-Apr-00,1440.5,1480.5,1440.5,1467.3,80396,384666,0,0
26-Apr-00,1490,1495,1467,1475.5,64403,382815,0,0
25-Apr-00,1451,1490,1451,1489.2,76122,384918,0,0
24-Apr-00,1427.5,1441,1417,1437,69627,382459,0,0
20-Apr-00,1441,1448,1432.5,1447.2,47869,379832,0,0
19-Apr-00,1454,1459.5,1435.5,1440.3,103436,382184,0,0
18-Apr-00,1413.5,1454,1408.6,1452.7,103436,382184,0,0
17-Apr-00,1367.5,1415,1359,1412.7,123263,386501,0,0
14-Apr-00,1435.5,1438,1348,1367.5,131633,388736,0,0
13-Apr-00,1486,1492.5,1452,1456,88489,378451,0,0
12-Apr-00,1518.5,1522.7,1475,1476.7,84842,378574,0,0
11-Apr-00,1511,1529,1498,1519,83224,378753,0,0
10-Apr-00,1531,1543.7,1517.5,1521.5,65522,374939,0,0
7-Apr-00,1529,1535.5,1518.5,1529,56599,373383,0,0
6-Apr-00,1512.5,1529.5,1503.5,1516.5,69596,373815,0,0
5-Apr-00,1498,1521.5,1493,1505.5,95121,372401,0,0
4-Apr-00,1531,1543,1433,1519.5,141140,376328,0,0
3-Apr-00,1513,1529,1502.5,1528.2,86473,372613,0,0
31-Mar-00,1511,1538.5,1501,1515.3,86597,373144,0,0
30-Mar-00,1516,1535,1493.5,1504.3,81154,371045,0,0
29-Mar-00,1532.5,1541,1515,1530.5,78241,368634,0,0
28-Mar-00,1534.5,1547.5,1523,1530.2,71126,365131,0,0
27-Mar-00,1550.5,1554.3,1536.5,1538.5,56096,366671,0,0
24-Mar-00,1544,1574,1535,1555.4,89761,369765,0,0
23-Mar-00,1512.5,1552.5,1510.2,1544,77184,367347,0,0
22-Mar-00,1511,1525,1505.5,1517.5,68356,364936,0,0
21-Mar-00,1474,1514.3,1463.5,1507.5,91720,365808,0,0
20-Mar-00,1486,1490.9,1466.5,1478.1,69053,367038,0,0
17-Mar-00,1472,1497.5,1470,1489,94046,369534,0,0
16-Mar-00,1427,1481,1423,1478,184289,445481,0,0
15-Mar-00,1386,1417.5,1375,1413.2,171980,442927,0,0
14-Mar-00,1409.5,1414,1377,1380,187249,445704,0,0
13-Mar-00,1382.8,1418,1382.8,1401.5,188059,435096,0,0
10-Mar-00,1418.5,1434,1412,1417.8,175254,417114,0,0
9-Mar-00,1384,1423,1376.5,1422.5,217584,418833,0,0
8-Mar-00,1361,1375.5,1348.5,1366.2,177931,415741,0,0
7-Mar-00,1399,1400,1351,1351.8,226528,420908,0,0
6-Mar-00,1408,1410.7,1386.2,1395,153314,397124,0,0
3-Mar-00,1400.5,1414.4,1396,1410.7,104626,389064,0,0
2-Mar-00,1382.5,1390,1372.5,1384.9,101266,385892,0,0
1-Mar-00,1373.5,1386.8,1371.2,1385,106308,388425,0,0
29-Feb-00,1355,1373,1354,1372,129538,388445,0,0
28-Feb-00,1337.5,1365.5,1327,1347.7,118578,391181,0,0
25-Feb-00,1354.5,1366.5,1332.5,1338.1,109465,389971,0,0
24-Feb-00,1364.5,1369,1332,1355.3,128091,387076,0,0
23-Feb-00,1356,1374.5,1345,1365.2,92030,382987,0,0
22-Feb-00,1355,1364,1336.6,1349,117291,388463,0,0
18-Feb-00,1388,1389.5,1349,1353.3,106689,381323,0,0
17-Feb-00,1402.5,1405,1384,1385.5,86792,373047,0,0
16-Feb-00,1404,1410.5,1391,1392.8,73886,371133,0,0
15-Feb-00,1395.8,1414.5,1381,1410,94678,370669,0,0
14-Feb-00,1400,1400.6,1386.8,1398.7,76146,367655,0,0
11-Feb-00,1421,1422,1385,1396.8,79769,365660,0,0
10-Feb-00,1422,1429.5,1412.2,1419.2,82313,365217,0,0
9-Feb-00,1448,1448,1417,1418.3,90736,366134,0,0
8-Feb-00,1441,1449.8,1440.1,1446.2,66435,365383,0,0
7-Feb-00,1432,1433,1419.8,1427.3,59248,367400,0,0
4-Feb-00,1439.5,1444.3,1427.5,1431.5,69885,364831,0,0
3-Feb-00,1424.5,1438.5,1405,1436.4,97075,366156,0,0
2-Feb-00,1416,1428.5,1409,1415.5,84856,364808,0,0
1-Feb-00,1398.5,1421,1391.1,1416.8,92689,369467,0,0
31-Jan-00,1366,1402.4,1357,1401,100760,371887,0,0
28-Jan-00,1397.5,1407,1362,1366.5,102314,371476,0,0
27-Jan-00,1424.5,1428.2,1388,1409.8,92062,369066,0,0
26-Jan-00,1417,1422.5,1408.2,1415.4,73789,366354,0,0
25-Jan-00,1416,1425,1398,1418.6,105424,369656,0,0
24-Jan-00,1466,1466.5,1403.7,1411.8,96837,369225,0,0
21-Jan-00,1462,1463.3,1449.1,1453.7,69418,365677,0,0
20-Jan-00,1477,1478.2,1448,1457,93444,365882,0,0
19-Jan-00,1461,1473.2,1459,1472.5,75914,368213,0,0
18-Jan-00,1466,1476.3,1462,1469.5,88919,368074,0,0
14-Jan-00,1478,1484.5,1470,1478,88488,368570,0,0
13-Jan-00,1452.5,1467,1443.5,1458.5,80720,371144,0,0
12-Jan-00,1454.5,1456.5,1439,1442,97480,373086,0,0
11-Jan-00,1467,1471.4,1446.5,1454.3,88699,371912,0,0
10-Jan-00,1474,1479.8,1462.5,1475,78749,367886,0,0
7-Jan-00,1413.8,1461,1412,1460.5,89448,367622,0,0
6-Jan-00,1405.5,1425.8,1401,1404,93420,367349,0,0
5-Jan-00,1409,1427.5,1387,1413.5,122154,371078,0,0
4-Jan-00,1450,1453.5,1409.5,1411.8,108036,370953,0,0
3-Jan-00,1495,1496.5,1452,1466.8,91674,370423,0,0
31-Dec-99,1482.5,1488.7,1478,1484.2,19630,369802,0,0
30-Dec-99,1486.5,1489.5,1476.5,1480.8,34851,369831,0,0
29-Dec-99,1478.7,1483.5,1476.5,1482.2,27369,372398,0,0
28-Dec-99,1475.5,1481.5,1471,1478.7,31942,374062,0,0
27-Dec-99,1481.4,1482,1469.5,1477.8,39548,373581,0,0
23-Dec-99,1465.5,1481,1464,1480.4,39893,373082,0,0
22-Dec-99,1454.7,1458,1446,1457.5,43014,370451,0,0
21-Dec-99,1431.5,1456.5,1430.6,1454.5,68286,371460,0,0
20-Dec-99,1445,1448.8,1429.2,1435,45204,370901,0,0
17-Dec-99,1447,1451,1439,1444.5,64493,369295,0,0
16-Dec-99,1434.5,1441.5,1427,1437.2,111310,365845,0,0
15-Dec-99,1419.5,1437.5,1416,1428.7,186543,461594,0,0
14-Dec-99,1431.5,1440,1422,1425.3,183403,452493,0,0
13-Dec-99,1431.1,1442.7,1429.5,1436.5,159729,444553,0,0
10-Dec-99,1440.5,1443.5,1425,1435,168471,436188,0,0
9-Dec-99,1434.8,1437.5,1410.5,1429.2,223669,436017,0,0
8-Dec-99,1412,1417.8,1404,1405.4,152201,425902,0,0
7-Dec-99,1429.5,1430.3,1411,1415.8,145322,425170,0,0
6-Dec-99,1435.7,1435.7,1421.2,1425.5,111947,425731,0,0
3-Dec-99,1429,1452,1429,1438.5,137127,422388,0,0
2-Dec-99,1402,1412.5,1402,1412.2,88647,421353,0,0
1-Dec-99,1389,1404.5,1389,1402.5,135272,426947,0,0
30-Nov-99,1408,1414.5,1390,1391.5,119065,420153,0,0
29-Nov-99,1413,1419.5,1405,1410.4,92085,419594,0,0
26-Nov-99,1424.1,1428.8,1413.5,1414.6,25150,419789,0,0
24-Nov-99,1409,1424.2,1402.1,1421.5,61785,419114,0,0
23-Nov-99,1427.5,1429,1405.5,1412,90149,416610,0,0
22-Nov-99,1424,1430.5,1416.5,1427.2,65587,413973,0,0
19-Nov-99,1425,1430.9,1422.1,1427.5,57994,409816,0,0
18-Nov-99,1424,1432,1418.2,1428.6,83128,411962,0,0
17-Nov-99,1423,1429.7,1416,1418,86748,410254,0,0
16-Nov-99,1408,1433,1403,1431,102384,409017,0,0
15-Nov-99,1401,1405,1397.1,1403,53615,404557,0,0
12-Nov-99,1396.6,1403.3,1374,1401.6,81831,405797,0,0
11-Nov-99,1382.5,1388.2,1378,1387.9,49269,404370,0,0
10-Nov-99,1363.5,1386.4,1363.5,1380,83092,402298,0,0
9-Nov-99,1389.5,1390,1367,1372,82986,400436,0,0
8-Nov-99,1372.5,1387.9,1371,1383.2,67219,400859,0,0
5-Nov-99,1389,1395,1372.5,1384.6,79994,401883,0,0
4-Nov-99,1372,1378,1362.5,1368.5,79438,399331,0,0
3-Nov-99,1364.5,1368,1355.5,1360.5,79750,402667,0,0
2-Nov-99,1364.5,1378,1352,1352.5,89345,404660,0,0
1-Nov-99,1371,1375.2,1362,1362.5,72672,404853,0,0
29-Oct-99,1361.5,1382,1361,1376.2,114492,408313,0,0
28-Oct-99,1327,1354,1327,1350.2,130051,404051,0,0
27-Oct-99,1289.5,1308,1287.5,1305.5,96992,398350,0,0
26-Oct-99,1307,1312.4,1285.2,1285.6,81103,399231,0,0
25-Oct-99,1300,1310.5,1294,1300.9,77508,399691,0,0
22-Oct-99,1303,1318,1302,1307.2,76714,400609,0,0
21-Oct-99,1279.5,1296.5,1272.5,1296,96711,395533,0,0
20-Oct-99,1282,1299.8,1277.7,1292.5,93068,394486,0,0
19-Oct-99,1277,1289,1266.5,1274.5,116685,396413,0,0
18-Oct-99,1256,1266.5,1241.6,1265.7,119326,400463,0,0
15-Oct-99,1265,1275,1253,1257.3,120170,398055,0,0
14-Oct-99,1293.5,1300,1275.8,1290,123782,392795,0,0
13-Oct-99,1317,1321,1289,1289.5,116139,388994,0,0
12-Oct-99,1343,1343,1321.3,1326,84403,385502,0,0
11-Oct-99,1344.5,1350.7,1343,1347,41203,385588,0,0
8-Oct-99,1333.5,1348,1321.5,1346.5,91828,391526,0,0
7-Oct-99,1338.5,1339.3,1324.3,1329,83356,388352,0,0
6-Oct-99,1316.5,1337.2,1316,1334.7,93438,389347,0,0
5-Oct-99,1318,1329,1297,1315.7,103525,389404,0,0
4-Oct-99,1299.1,1319,1298.5,1318.7,82396,386637,0,0
1-Oct-99,1287.5,1295.3,1276.5,1293.5,97263,385113,0,0
30-Sep-99,1285.5,1304,1280.2,1298.2,97697,385365,0,0
29-Sep-99,1292.5,1302,1278.6,1279.9,102504,382143,0,0
28-Sep-99,1290.5,1299,1267,1294.3,128352,383795,0,0
27-Sep-99,1299,1308.5,1295,1296.2,95037,379115,0,0
24-Sep-99,1287.3,1294.4,1275.5,1288.5,114777,378716,0,0
23-Sep-99,1328.5,1329.5,1289,1291,112519,378017,0,0
22-Sep-99,1325.5,1330.8,1310.2,1321.8,109490,375898,0,0
21-Sep-99,1338.1,1338.5,1315.5,1321.9,101673,375872,0,0
20-Sep-99,1354,1354.5,1345,1348.8,41903,371580,0,0
17-Sep-99,1343,1353,1336.8,1351.5,82862,373027,0,0
16-Sep-99,1336,1338,1313.2,1333.6,152612,373215,0,0
15-Sep-99,1364.5,1364.5,1330.5,1332,196335,450903,0,0
14-Sep-99,1353,1357,1345.8,1352.8,212348,439281,0,0
13-Sep-99,1362,1366.3,1357.5,1362.3,201856,445094,0,0
10-Sep-99,1376,1376,1361.5,1369.6,193401,426868,0,0
9-Sep-99,1360,1364.4,1349.5,1360.3,218054,423716,0,0
8-Sep-99,1344.3,1357.2,1337.5,1345.9,226181,406836,0,0
7-Sep-99,1360,1363.8,1350.8,1352.4,109793,403564,0,0
3-Sep-99,1344,1363,1344,1362.5,116619,407291,0,0
2-Sep-99,1318,1324.4,1305,1320.2,135387,398601,0,0
1-Sep-99,1327,1335,1321.5,1334,127407,397824,0,0
31-Aug-99,1330,1336.5,1308.5,1319.8,169667,399117,0,0
30-Aug-99,1353.5,1354.3,1324,1326,119013,393010,0,0
27-Aug-99,1369,1370,1350.6,1351.7,104970,390509,0,0
26-Aug-99,1383,1383.9,1365.5,1367.8,86210,385665,0,0
25-Aug-99,1374,1387.4,1362.1,1383,98653,384144,0,0
24-Aug-99,1361,1378.5,1355,1370.5,94193,387006,0,0
23-Aug-99,1347.5,1366.5,1346.8,1366.2,78987,388503,0,0
20-Aug-99,1331,1342.5,1327.7,1340.2,64458,386748,0,0
19-Aug-99,1325,1333,1318.5,1327,104032,386909,0,0
18-Aug-99,1344.5,1345,1334,1334.6,78916,386983,0,0
17-Aug-99,1345.5,1349.5,1333.2,1347,87678,387664,0,0
16-Aug-99,1332.5,1340,1325.2,1339.4,65757,388758,0,0
13-Aug-99,1315.5,1333.5,1315,1332.9,80271,388871,0,0
12-Aug-99,1307,1319.5,1302,1304.7,94445,386134,0,0
11-Aug-99,1296,1307.5,1288.6,1304,95835,385172,0,0
10-Aug-99,1302,1304.5,1272,1290.5,134921,384794,0,0
9-Aug-99,1308.5,1312.8,1300.6,1303,71471,381616,0,0
6-Aug-99,1313,1323,1298.2,1307,87319,378963,0,0
5-Aug-99,1312,1322,1292,1321.2,108971,380968,0,0
4-Aug-99,1330,1337,1308,1309,100047,380519,0,0
3-Aug-99,1341.1,1342.5,1320.2,1328.8,105914,379881,0,0
2-Aug-99,1333.6,1352,1330.5,1336.2,95297,375862,0,0
30-Jul-99,1352.1,1358,1330,1331.8,106406,377927,0,0
29-Jul-99,1354,1357.4,1338,1349.8,113707,377160,0,0
28-Jul-99,1368,1378.5,1362,1367.7,76092,374147,0,0
27-Jul-99,1365.5,1377.6,1360,1363.7,87409,375522,0,0
26-Jul-99,1355.2,1367,1353.1,1354.8,79055,375495,0,0
23-Jul-99,1371,1376,1357.8,1362.8,77606,375859,0,0
22-Jul-99,1382.5,1386,1361.5,1367.8,109173,374309,0,0
21-Jul-99,1389.5,1395.5,1380.5,1385.5,87577,373211,0,0
20-Jul-99,1410.5,1411.5,1383,1387.5,97838,373826,0,0
19-Jul-99,1429,1429.8,1413.5,1418,70967,373090,0,0
16-Jul-99,1422.2,1429.5,1416.4,1427.5,56281,369581,0,0
15-Jul-99,1414.5,1420.8,1412,1419.4,74619,371568,0,0
14-Jul-99,1408,1410.5,1396,1409.2,75023,372185,0,0
13-Jul-99,1402,1407.5,1396.5,1403.7,81191,372321,0,0
12-Jul-99,1417.5,1418,1404.6,1409.1,69727,372119,0,0
9-Jul-99,1408,1415,1405.2,1413.7,50762,368001,0,0
8-Jul-99,1398.5,1416,1397.2,1405,80074,368430,0,0
7-Jul-99,1400,1406.5,1395.2,1404.5,72800,369439,0,0
6-Jul-99,1401.5,1417.5,1397.5,1403.5,81355,367233,0,0
2-Jul-99,1392.5,1406.5,1390,1405.9,54270,369555,0,0
1-Jul-99,1382,1395.5,1371.7,1392.1,85211,370570,0,0
30-Jun-99,1356.8,1385.5,1349.3,1381.7,113634,367946,0,0
29-Jun-99,1341.5,1362.5,1339.7,1356.7,75632,370434,0,0
28-Jun-99,1336.5,1346.7,1335.5,1344,63272,366228,0,0
25-Jun-99,1335,1341.9,1324.1,1329,71738,363957,0,0
24-Jun-99,1339.5,1340.8,1319.1,1332.8,93219,364094,0,0
23-Jun-99,1343.5,1347.9,1335.8,1342.3,82478,361665,0,0
22-Jun-99,1354,1365,1348.2,1349.3,68568,360826,0,0
21-Jun-99,1357.5,1364.5,1349.6,1360,67022,359099,0,0
18-Jun-99,1350.5,1359.5,1346.5,1356.8,54515,358442,0,0
17-Jun-99,1336.5,1357.8,1335.5,1355.5,158624,443725,0,0
16-Jun-99,1331,1347.5,1329.5,1342.9,177901,434172,0,0
15-Jun-99,1311,1325.5,1310.5,1318.5,171624,425954,0,0
14-Jun-99,1314,1316.5,1305.5,1309.5,176878,429171,0,0
11-Jun-99,1320,1327,1300.5,1309.3,196543,420045,0,0
10-Jun-99,1323,1324.5,1306.5,1320.5,212551,416229,0,0
9-Jun-99,1321.5,1327.5,1315.5,1318.8,196308,407403,0,0
8-Jun-99,1331,1335,1314.2,1321.3,139128,402029,0,0
7-Jun-99,1329,1339,1327.2,1332.2,95910,395264,0,0
4-Jun-99,1309.5,1331.5,1307.3,1329.7,119596,401911,0,0
3-Jun-99,1302,1306.5,1295.5,1305,96895,399433,0,0
2-Jun-99,1295.7,1299.5,1278,1296.2,154522,403773,0,0
1-Jun-99,1298.5,1299.5,1283,1295.6,113517,402136,0,0
28-May-99,1286.5,1306,1285.5,1297.2,98315,399341,0,0
27-May-99,1295,1301,1279,1286,132520,405711,0,0
26-May-99,1293.5,1308.5,1280.8,1304.5,133123,402281,0,0
25-May-99,1310,1322,1283,1284.5,135622,401220,0,0
24-May-99,1337.5,1338.9,1306.2,1312.5,125352,393761,0,0
21-May-99,1342.5,1344.9,1329,1334.8,79906,386408,0,0
20-May-99,1350,1355.8,1341.5,1342.5,78405,386404,0,0
19-May-99,1344.5,1350.3,1333.1,1349.2,81430,384748,0,0
18-May-99,1344.2,1349.9,1326.5,1341.2,95654,384205,0,0
17-May-99,1335,1346,1325.1,1341,91093,385597,0,0
14-May-99,1350,1356,1336.5,1339.3,94335,386059,0,0
13-May-99,1375,1382,1370.5,1375,75406,383886,0,0
12-May-99,1358,1373.5,1329,1369.1,91043,386404,0,0
11-May-99,1352.5,1366.5,1350,1358.2,88519,390311,0,0
10-May-99,1351,1358.5,1338,1347,80182,392323,0,0
7-May-99,1345.5,1354,1337.3,1351.2,82594,392818,0,0
6-May-99,1346.5,1353.5,1327.1,1342.3,97482,390460,0,0
5-May-99,1342.5,1353.2,1322,1352,105392,391223,0,0
4-May-99,1358.5,1361,1335.5,1343,90784,388879,0,0
3-May-99,1341,1362.4,1336,1359.2,83180,388666,0,0
30-Apr-99,1355.5,1359.3,1319,1336.5,97349,387199,0,0
29-Apr-99,1360.2,1364.5,1342,1347.5,86428,388485,0,0
28-Apr-99,1369,1376.3,1355,1359,79839,385468,0,0
27-Apr-99,1378,1379.8,1363.5,1376.5,79258,384293,0,0
26-Apr-99,1369,1372,1360.5,1371.5,64180,382490,0,0
23-Apr-99,1364.5,1372.5,1355.5,1365,68411,382639,0,0
22-Apr-99,1355,1369.9,1349,1369.1,83815,381900,0,0
21-Apr-99,1313,1355,1309.5,1351.7,96744,381570,0,0
20-Apr-99,1304,1318,1295.5,1315,107566,384199,0,0
19-Apr-99,1331,1350.5,1290.5,1301.8,140805,385085,0,0
16-Apr-99,1333,1336,1318,1323,86090,378293,0,0
15-Apr-99,1343,1343.5,1315.5,1332,107337,381678,0,0
14-Apr-99,1367,1367.9,1334.5,1339.3,104948,379672,0,0
13-Apr-99,1369,1372,1353,1362.3,91943,378897,0,0
12-Apr-99,1340,1372.5,1339.8,1372,101870,379865,0,0
9-Apr-99,1351.5,1362.5,1344,1358.2,73168,375291,0,0
8-Apr-99,1340,1357,1331,1355.6,100841,379854,0,0
7-Apr-99,1336,1340.5,1322,1338.5,89896,379013,0,0
6-Apr-99,1329,1337.5,1320.5,1330.5,85185,378102,0,0
5-Apr-99,1316.5,1333.9,1310.8,1333.4,70434,379623,0,0
1-Apr-99,1304.5,1305,1291.5,1302.7,75794,375799,0,0
31-Mar-99,1322,1324.5,1292.5,1293.3,88454,372618,0,0
30-Mar-99,1312,1320.5,1305.4,1315.7,70706,373914,0,0
29-Mar-99,1302.8,1323.8,1302,1315.7,74357,363716,0,0
26-Mar-99,1295.2,1301,1287.5,1297,70171,371968,0,0
25-Mar-99,1289,1304.9,1287.5,1304,83520,372798,0,0
24-Mar-99,1276,1281.5,1267.5,1279.6,88223,372074,0,0
23-Mar-99,1306.5,1306.5,1267,1272.3,120885,372495,0,0
22-Mar-99,1311,1316.5,1305.5,1311.2,63944,368081,0,0
19-Mar-99,1336.5,1337,1308,1309.5,81875,366611,0,0
18-Mar-99,1306.5,1332.5,1306,1331.2,134672,445283,0,0
17-Mar-99,1317.5,1317.8,1304.2,1311.8,170105,448693,0,0
16-Mar-99,1320,1325,1315,1318.9,171326,443171,0,0
15-Mar-99,1307,1322,1304.2,1319.2,153416,436811,0,0
12-Mar-99,1320,1320.2,1301.5,1303.8,157184,432078,0,0
11-Mar-99,1305,1320.5,1298,1317,213893,429988,0,0
10-Mar-99,1282,1289.9,1275.7,1289,185125,416614,0,0
9-Mar-99,1280,1296.2,1275.5,1279.8,168238,417000,0,0
8-Mar-99,1279,1285.4,1272.6,1283.3,132860,421119,0,0
5-Mar-99,1270,1279,1263.7,1278.5,148334,420135,0,0
4-Mar-99,1236.5,1252.5,1231,1249.7,135716,416850,0,0
3-Mar-99,1230,1234.5,1217.1,1234,154015,414398,0,0
2-Mar-99,1243,1251,1221.1,1229.5,150375,408428,0,0
1-Mar-99,1236,1241.5,1223,1239,107623,408347,0,0
26-Feb-99,1248,1250,1227.1,1235.5,148030,412131,0,0
25-Feb-99,1248,1251.8,1226.5,1241.5,148837,406702,0,0
24-Feb-99,1278,1287.5,1249.2,1253.3,128702,406150,0,0
23-Feb-99,1275,1284.5,1266,1275.5,117091,407024,0,0
22-Feb-99,1243,1276.5,1240.5,1274.5,102613,409478,0,0
19-Feb-99,1239.5,1252,1234.7,1243.5,91222,405609,0,0
18-Feb-99,1233,1243.5,1224,1238.4,111805,407312,0,0
17-Feb-99,1233,1253.9,1223.5,1229.3,122802,405913,0,0
16-Feb-99,1245.5,1257,1235.5,1242.2,95906,404415,0,0
12-Feb-99,1253,1255.5,1228,1238.3,103721,403399,0,0
11-Feb-99,1229,1263,1226.5,1262.5,94938,406654,0,0
10-Feb-99,1218,1231.5,1215.5,1225.4,100696,407302,0,0
9-Feb-99,1247.5,1248,1218,1219,112447,406455,0,0
8-Feb-99,1250,1253,1236.5,1247.2,85759,407658,0,0
5-Feb-99,1258.5,1259,1236,1243.5,105566,409062,0,0
4-Feb-99,1277.1,1277.5,1252,1259.3,114761,405201,0,0
3-Feb-99,1261,1282.5,1259.5,1278.5,99471,405008,0,0
2-Feb-99,1272.5,1275.8,1251.5,1265.3,108732,405689,0,0
1-Feb-99,1288.5,1290.5,1273.5,1274.3,80648,402635,0,0
29-Jan-99,1275,1287.7,1259.5,1281.5,102520,406460,0,0
28-Jan-99,1258.5,1273.6,1257,1265.7,87514,405268,0,0
27-Jan-99,1267,1269.7,1247,1249,92124,404057,0,0
26-Jan-99,1244,1266,1241.6,1265.5,83075,402925,0,0
25-Jan-99,1234.5,1244,1224.7,1243.5,76541,402295,0,0
22-Jan-99,1226,1243.8,1223.5,1232,93830,403943,0,0
21-Jan-99,1261,1263.5,1231,1233,106268,400221,0,0
20-Jan-99,1268,1283.5,1257.5,1268.2,107580,400081,0,0
19-Jan-99,1247.8,1262,1241.3,1257,92691,400347,0,0
15-Jan-99,1230,1249.8,1226.2,1248.6,92130,398831,0,0
14-Jan-99,1240,1245,1215,1219,125029,401839,0,0
13-Jan-99,1224.1,1258,1210,1239,134162,400951,0,0
12-Jan-99,1269,1269.8,1246,1251.1,111582,398442,0,0
11-Jan-99,1284.5,1285,1262,1274,99596,395913,0,0
8-Jan-99,1289,1290.5,1271,1287,102206,393798,0,0
7-Jan-99,1267.5,1280.8,1266.5,1277.8,99698,394922,0,0
6-Jan-99,1263,1285.7,1263,1280.2,102452,393760,0,0
5-Jan-99,1239,1258,1239,1253.2,88541,392631,0,0
4-Jan-99,1247,1261,1227,1240.9,95235,386072,0,0
