,Futures NYMEX WTI 1st month Close,Futures NYMEX WTI 1st month Close,Futures NYMEX WTI 1st month Close,Futures NYMEX WTI 1st month Close
29-Dec-00,26.8,26.8,26.8,26.8
28-Dec-00,25.85,25.85,25.85,25.85
27-Dec-00,26.47,26.47,26.47,26.47
26-Dec-00,26.64,26.64,26.64,26.64
25-Dec-00,26.41,26.41,26.41,26.41
22-Dec-00,26.18,26.18,26.18,26.18
21-Dec-00,25.98,25.98,25.98,25.98
20-Dec-00,25.77,25.77,25.77,25.77
19-Dec-00,29.33,29.33,29.33,29.33
18-Dec-00,29.76,29.76,29.76,29.76
15-Dec-00,28.87,28.87,28.87,28.87
14-Dec-00,27.99,27.99,27.99,27.99
13-Dec-00,28.74,28.74,28.74,28.74
12-Dec-00,29.68,29.68,29.68,29.68
11-Dec-00,29.5,29.5,29.5,29.5
8-Dec-00,28.44,28.44,28.44,28.44
7-Dec-00,29.35,29.35,29.35,29.35
6-Dec-00,29.85,29.85,29.85,29.85
5-Dec-00,29.53,29.53,29.53,29.53
4-Dec-00,31.22,31.22,31.22,31.22
1-Dec-00,32.02,32.02,32.02,32.02
30-Nov-00,33.82,33.82,33.82,33.82
29-Nov-00,34.63,34.63,34.63,34.63
28-Nov-00,34.22,34.22,34.22,34.22
27-Nov-00,35.38,35.38,35.38,35.38
24-Nov-00,35.39,35.39,35.39,35.39
23-Nov-00,35.39,35.39,35.39,35.39
22-Nov-00,35.4,35.4,35.4,35.4
21-Nov-00,35.16,35.16,35.16,35.16
20-Nov-00,35.22,35.22,35.22,35.22
17-Nov-00,35.45,35.45,35.45,35.45
16-Nov-00,35.12,35.12,35.12,35.12
15-Nov-00,35.58,35.58,35.58,35.58
14-Nov-00,34.87,34.87,34.87,34.87
13-Nov-00,34.47,34.47,34.47,34.47
10-Nov-00,34.02,34.02,34.02,34.02
9-Nov-00,33.92,33.92,33.92,33.92
8-Nov-00,33.24,33.24,33.24,33.24
7-Nov-00,33.4,33.4,33.4,33.4
6-Nov-00,32.86,32.86,32.86,32.86
3-Nov-00,32.71,32.71,32.71,32.71
2-Nov-00,32.54,32.54,32.54,32.54
1-Nov-00,33.25,33.25,33.25,33.25
31-Oct-00,32.7,32.7,32.7,32.7
30-Oct-00,32.81,32.81,32.81,32.81
27-Oct-00,32.74,32.74,32.74,32.74
26-Oct-00,33.71,33.71,33.71,33.71
25-Oct-00,32.96,32.96,32.96,32.96
24-Oct-00,33.37,33.37,33.37,33.37
23-Oct-00,33.76,33.76,33.76,33.76
20-Oct-00,33.75,33.75,33.75,33.75
19-Oct-00,32.91,32.91,32.91,32.91
18-Oct-00,33.48,33.48,33.48,33.48
17-Oct-00,32.99,32.99,32.99,32.99
16-Oct-00,32.92,32.92,32.92,32.92
13-Oct-00,34.99,34.99,34.99,34.99
12-Oct-00,36.06,36.06,36.06,36.06
11-Oct-00,33.25,33.25,33.25,33.25
10-Oct-00,33.18,33.18,33.18,33.18
9-Oct-00,31.86,31.86,31.86,31.86
6-Oct-00,30.86,30.86,30.86,30.86
5-Oct-00,30.53,30.53,30.53,30.53
4-Oct-00,31.43,31.43,31.43,31.43
3-Oct-00,32.07,32.07,32.07,32.07
2-Oct-00,32.18,32.18,32.18,32.18
29-Sep-00,30.84,30.84,30.84,30.84
28-Sep-00,30.34,30.34,30.34,30.34
27-Sep-00,31.46,31.46,31.46,31.46
26-Sep-00,31.5,31.5,31.5,31.5
25-Sep-00,31.57,31.57,31.57,31.57
22-Sep-00,32.68,32.68,32.68,32.68
21-Sep-00,34,34,34,34
20-Sep-00,37.2,37.2,37.2,37.2
19-Sep-00,36.51,36.51,36.51,36.51
18-Sep-00,36.88,36.88,36.88,36.88
15-Sep-00,35.92,35.92,35.92,35.92
14-Sep-00,34.07,34.07,34.07,34.07
13-Sep-00,33.82,33.82,33.82,33.82
12-Sep-00,34.28,34.28,34.28,34.28
11-Sep-00,35.14,35.14,35.14,35.14
8-Sep-00,33.63,33.63,33.63,33.63
7-Sep-00,35.39,35.39,35.39,35.39
6-Sep-00,34.9,34.9,34.9,34.9
5-Sep-00,33.83,33.83,33.83,33.83
4-Sep-00,33.61,33.61,33.61,33.61
1-Sep-00,33.38,33.38,33.38,33.38
31-Aug-00,33.12,33.12,33.12,33.12
30-Aug-00,33.32,33.32,33.32,33.32
29-Aug-00,32.74,32.74,32.74,32.74
28-Aug-00,32.87,32.87,32.87,32.87
25-Aug-00,32.03,32.03,32.03,32.03
24-Aug-00,31.63,31.63,31.63,31.63
23-Aug-00,32.02,32.02,32.02,32.02
22-Aug-00,31.22,31.22,31.22,31.22
21-Aug-00,32.47,32.47,32.47,32.47
18-Aug-00,31.99,31.99,31.99,31.99
17-Aug-00,31.94,31.94,31.94,31.94
16-Aug-00,31.8,31.8,31.8,31.8
15-Aug-00,31.67,31.67,31.67,31.67
14-Aug-00,31.94,31.94,31.94,31.94
11-Aug-00,31.02,31.02,31.02,31.02
10-Aug-00,31.34,31.34,31.34,31.34
9-Aug-00,30.35,30.35,30.35,30.35
8-Aug-00,29.12,29.12,29.12,29.12
7-Aug-00,28.91,28.91,28.91,28.91
4-Aug-00,29.96,29.96,29.96,29.96
3-Aug-00,28.66,28.66,28.66,28.66
2-Aug-00,28.26,28.26,28.26,28.26
1-Aug-00,27.79,27.79,27.79,27.79
31-Jul-00,27.43,27.43,27.43,27.43
28-Jul-00,28.18,28.18,28.18,28.18
27-Jul-00,28.02,28.02,28.02,28.02
26-Jul-00,27.81,27.81,27.81,27.81
25-Jul-00,27.95,27.95,27.95,27.95
24-Jul-00,28.02,28.02,28.02,28.02
21-Jul-00,28.56,28.56,28.56,28.56
20-Jul-00,30.93,30.93,30.93,30.93
19-Jul-00,31.42,31.42,31.42,31.42
18-Jul-00,31.94,31.94,31.94,31.94
17-Jul-00,30.83,30.83,30.83,30.83
14-Jul-00,31.4,31.4,31.4,31.4
13-Jul-00,31.47,31.47,31.47,31.47
12-Jul-00,30.32,30.32,30.32,30.32
11-Jul-00,29.7,29.7,29.7,29.7
10-Jul-00,29.69,29.69,29.69,29.69
7-Jul-00,30.28,30.28,30.28,30.28
6-Jul-00,29.99,29.99,29.99,29.99
5-Jul-00,30.67,30.67,30.67,30.67
4-Jul-00,31.28,31.28,31.28,31.28
3-Jul-00,31.89,31.89,31.89,31.89
30-Jun-00,32.5,32.5,32.5,32.5
29-Jun-00,32.72,32.72,32.72,32.72
28-Jun-00,31.9,31.9,31.9,31.9
27-Jun-00,32.06,32.06,32.06,32.06
26-Jun-00,31.63,31.63,31.63,31.63
23-Jun-00,32.25,32.25,32.25,32.25
22-Jun-00,32.19,32.19,32.19,32.19
21-Jun-00,31.37,31.37,31.37,31.37
20-Jun-00,33.05,33.05,33.05,33.05
19-Jun-00,31.69,31.69,31.69,31.69
16-Jun-00,32.33,32.33,32.33,32.33
15-Jun-00,32.95,32.95,32.95,32.95
14-Jun-00,32.85,32.85,32.85,32.85
13-Jun-00,32.56,32.56,32.56,32.56
12-Jun-00,31.74,31.74,31.74,31.74
9-Jun-00,30.2,30.2,30.2,30.2
8-Jun-00,29.78,29.78,29.78,29.78
7-Jun-00,29.95,29.95,29.95,29.95
6-Jun-00,29.75,29.75,29.75,29.75
5-Jun-00,29.7,29.7,29.7,29.7
2-Jun-00,30.35,30.35,30.35,30.35
1-Jun-00,30.14,30.14,30.14,30.14
31-May-00,29.01,29.01,29.01,29.01
30-May-00,30.35,30.35,30.35,30.35
29-May-00,30.18,30.18,30.18,30.18
26-May-00,30,30,30,30
25-May-00,30.51,30.51,30.51,30.51
24-May-00,29.93,29.93,29.93,29.93
23-May-00,28.78,28.78,28.78,28.78
22-May-00,28.61,28.61,28.61,28.61
19-May-00,29.89,29.89,29.89,29.89
18-May-00,30.33,30.33,30.33,30.33
17-May-00,29.32,29.32,29.32,29.32
16-May-00,29.73,29.73,29.73,29.73
15-May-00,29.92,29.92,29.92,29.92
12-May-00,29.62,29.62,29.62,29.62
11-May-00,29.11,29.11,29.11,29.11
10-May-00,28.1,28.1,28.1,28.1
9-May-00,28.65,28.65,28.65,28.65
8-May-00,28.09,28.09,28.09,28.09
5-May-00,27.29,27.29,27.29,27.29
4-May-00,26.98,26.98,26.98,26.98
3-May-00,26.75,26.75,26.75,26.75
2-May-00,26.89,26.89,26.89,26.89
1-May-00,25.87,25.87,25.87,25.87
28-Apr-00,25.74,25.74,25.74,25.74
27-Apr-00,25.42,25.42,25.42,25.42
26-Apr-00,24.65,24.65,24.65,24.65
25-Apr-00,25.33,25.33,25.33,25.33
24-Apr-00,26.04,26.04,26.04,26.04
21-Apr-00,25.96,25.96,25.96,25.96
20-Apr-00,25.88,25.88,25.88,25.88
19-Apr-00,27.35,27.35,27.35,27.35
18-Apr-00,26.11,26.11,26.11,26.11
17-Apr-00,25.89,25.89,25.89,25.89
14-Apr-00,25.57,25.57,25.57,25.57
13-Apr-00,25.38,25.38,25.38,25.38
12-Apr-00,25.41,25.41,25.41,25.41
11-Apr-00,24.14,24.14,24.14,24.14
10-Apr-00,23.85,23.85,23.85,23.85
7-Apr-00,25.04,25.04,25.04,25.04
6-Apr-00,25.69,25.69,25.69,25.69
5-Apr-00,25.83,25.83,25.83,25.83
4-Apr-00,25.45,25.45,25.45,25.45
3-Apr-00,26.43,26.43,26.43,26.43
31-Mar-00,26.9,26.9,26.9,26.9
30-Mar-00,26.7,26.7,26.7,26.7
29-Mar-00,26.45,26.45,26.45,26.45
28-Mar-00,27.09,27.09,27.09,27.09
27-Mar-00,27.79,27.79,27.79,27.79
24-Mar-00,28.02,28.02,28.02,28.02
23-Mar-00,27.31,27.31,27.31,27.31
22-Mar-00,27.46,27.46,27.46,27.46
21-Mar-00,28,28,28,28
20-Mar-00,29.43,29.43,29.43,29.43
17-Mar-00,30.91,30.91,30.91,30.91
16-Mar-00,31.09,31.09,31.09,31.09
15-Mar-00,30.72,30.72,30.72,30.72
14-Mar-00,31.69,31.69,31.69,31.69
13-Mar-00,32.02,32.02,32.02,32.02
10-Mar-00,31.76,31.76,31.76,31.76
9-Mar-00,31.69,31.69,31.69,31.69
8-Mar-00,31.26,31.26,31.26,31.26
7-Mar-00,34.13,34.13,34.13,34.13
6-Mar-00,32.18,32.18,32.18,32.18
3-Mar-00,31.51,31.51,31.51,31.51
2-Mar-00,31.69,31.69,31.69,31.69
1-Mar-00,31.77,31.77,31.77,31.77
29-Feb-00,30.43,30.43,30.43,30.43
28-Feb-00,30.13,30.13,30.13,30.13
25-Feb-00,30.35,30.35,30.35,30.35
24-Feb-00,29.97,29.97,29.97,29.97
23-Feb-00,29.39,29.39,29.39,29.39
22-Feb-00,29.62,29.62,29.62,29.62
21-Feb-00,29.57,29.57,29.57,29.57
18-Feb-00,29.51,29.51,29.51,29.51
17-Feb-00,29.46,29.46,29.46,29.46
16-Feb-00,30.05,30.05,30.05,30.05
15-Feb-00,30.06,30.06,30.06,30.06
14-Feb-00,30.25,30.25,30.25,30.25
11-Feb-00,29.44,29.44,29.44,29.44
10-Feb-00,29.43,29.43,29.43,29.43
9-Feb-00,28.77,28.77,28.77,28.77
8-Feb-00,28.02,28.02,28.02,28.02
7-Feb-00,28.45,28.45,28.45,28.45
4-Feb-00,28.82,28.82,28.82,28.82
3-Feb-00,28.03,28.03,28.03,28.03
2-Feb-00,27.55,27.55,27.55,27.55
1-Feb-00,28.22,28.22,28.22,28.22
31-Jan-00,27.64,27.64,27.64,27.64
28-Jan-00,27.22,27.22,27.22,27.22
27-Jan-00,27.32,27.32,27.32,27.32
26-Jan-00,27.84,27.84,27.84,27.84
25-Jan-00,28.28,28.28,28.28,28.28
24-Jan-00,27.83,27.83,27.83,27.83
21-Jan-00,28.2,28.2,28.2,28.2
20-Jan-00,29.66,29.66,29.66,29.66
19-Jan-00,29.54,29.54,29.54,29.54
18-Jan-00,28.85,28.85,28.85,28.85
17-Jan-00,28.44,28.44,28.44,28.44
14-Jan-00,28.02,28.02,28.02,28.02
13-Jan-00,26.69,26.69,26.69,26.69
12-Jan-00,26.28,26.28,26.28,26.28
11-Jan-00,25.77,25.77,25.77,25.77
10-Jan-00,24.67,24.67,24.67,24.67
7-Jan-00,24.22,24.22,24.22,24.22
6-Jan-00,24.78,24.78,24.78,24.78
5-Jan-00,24.91,24.91,24.91,24.91
4-Jan-00,25.55,25.55,25.55,25.55
3-Jan-00,25.57,25.57,25.57,25.57
